"Date","Price","Open","High","Low","Vol.","Change %"
"01/30/2026","2,148.00","2,148.00","2,148.00","2,148.00","","7.29%"
"01/29/2026","2,002.00","2,002.00","2,002.00","2,002.00","","-0.69%"
"01/28/2026","2,016.00","2,016.00","2,016.00","2,016.00","","0.85%"
"01/27/2026","1,999.00","1,999.00","1,999.00","1,999.00","","12.30%"
"01/26/2026","1,780.00","1,780.00","1,780.00","1,780.00","","1.02%"
"01/23/2026","1,762.00","1,762.00","1,762.00","1,762.00","","0.06%"
"01/22/2026","1,761.00","1,761.00","1,761.00","1,761.00","","-2.33%"
"01/21/2026","1,803.00","1,803.00","1,803.00","1,803.00","","4.28%"
"01/20/2026","1,729.00","1,729.00","1,729.00","1,729.00","","4.79%"
"01/19/2026","1,650.00","1,650.00","1,650.00","1,650.00","","5.30%"
"01/16/2026","1,567.00","1,567.00","1,567.00","1,567.00","","2.28%"
"01/15/2026","1,532.00","1,532.00","1,532.00","1,532.00","","-2.17%"
"01/14/2026","1,566.00","1,566.00","1,566.00","1,566.00","","-2.61%"
"01/13/2026","1,608.00","1,608.00","1,608.00","1,608.00","","-3.07%"
"01/12/2026","1,659.00","1,659.00","1,659.00","1,659.00","","-1.72%"
"01/09/2026","1,688.00","1,688.00","1,688.00","1,688.00","","-1.75%"
"01/08/2026","1,718.00","1,718.00","1,718.00","1,718.00","","-3.27%"
"01/07/2026","1,776.00","1,776.00","1,776.00","1,776.00","","-2.95%"
"01/06/2026","1,830.00","1,830.00","1,830.00","1,830.00","","-1.13%"
"01/05/2026","1,851.00","1,851.00","1,851.00","1,851.00","","-1.65%"
"01/02/2026","1,882.00","1,882.00","1,882.00","1,882.00","","0.27%"
"12/24/2025","1,877.00","1,877.00","1,877.00","1,877.00","","-0.64%"
"12/23/2025","1,889.00","1,889.00","1,889.00","1,889.00","","-4.55%"
"12/22/2025","1,979.00","1,979.00","1,979.00","1,979.00","","-2.17%"
"12/19/2025","2,023.00","2,023.00","2,023.00","2,023.00","","-2.32%"
"12/18/2025","2,071.00","2,071.00","2,071.00","2,071.00","","-2.36%"
"12/17/2025","2,121.00","2,121.00","2,121.00","2,121.00","","-3.77%"
"12/16/2025","2,204.00","2,204.00","2,204.00","2,204.00","","0.50%"
"12/15/2025","2,193.00","2,193.00","2,193.00","2,193.00","","-0.54%"
"12/12/2025","2,205.00","2,205.00","2,205.00","2,205.00","","-3.88%"
"12/11/2025","2,294.00","2,294.00","2,294.00","2,294.00","","-5.60%"
"12/10/2025","2,430.00","2,430.00","2,430.00","2,430.00","","-4.97%"
"12/09/2025","2,557.00","2,557.00","2,557.00","2,557.00","","-5.09%"
"12/08/2025","2,694.00","2,694.00","2,694.00","2,694.00","","-1.21%"
"12/05/2025","2,727.00","2,727.00","2,727.00","2,727.00","","-3.09%"
"12/04/2025","2,814.00","2,814.00","2,814.00","2,814.00","","-1.09%"
"12/03/2025","2,845.00","2,845.00","2,845.00","2,845.00","","9.42%"
"12/02/2025","2,600.00","2,600.00","2,600.00","2,600.00","","0.66%"
"12/01/2025","2,583.00","2,583.00","2,583.00","2,583.00","","0.90%"
"11/28/2025","2,560.00","2,560.00","2,560.00","2,560.00","","3.23%"
"11/27/2025","2,480.00","2,480.00","2,480.00","2,480.00","","3.29%"
"11/26/2025","2,401.00","2,401.00","2,401.00","2,401.00","","3.98%"
"11/25/2025","2,309.00","2,309.00","2,309.00","2,309.00","","0.61%"
"11/24/2025","2,295.00","2,295.00","2,295.00","2,295.00","","0.88%"
"11/21/2025","2,275.00","2,275.00","2,275.00","2,275.00","","0.22%"
"11/20/2025","2,270.00","2,270.00","2,270.00","2,270.00","","0.44%"
"11/19/2025","2,260.00","2,260.00","2,260.00","2,260.00","","1.99%"
"11/18/2025","2,216.00","2,216.00","2,216.00","2,216.00","","2.93%"
"11/17/2025","2,153.00","2,153.00","2,153.00","2,153.00","","1.32%"
"11/14/2025","2,125.00","2,125.00","2,125.00","2,125.00","","2.31%"
"11/13/2025","2,077.00","2,077.00","2,077.00","2,077.00","","2.32%"
"11/12/2025","2,030.00","2,030.00","2,030.00","2,030.00","","-2.03%"
"11/11/2025","2,072.00","2,072.00","2,072.00","2,072.00","","-0.58%"
"11/10/2025","2,084.00","2,084.00","2,084.00","2,084.00","","-0.95%"
"11/07/2025","2,104.00","2,104.00","2,104.00","2,104.00","","1.99%"
"11/06/2025","2,063.00","2,063.00","2,063.00","2,063.00","","3.00%"
"11/05/2025","2,003.00","2,003.00","2,003.00","2,003.00","","2.30%"
"11/04/2025","1,958.00","1,958.00","1,958.00","1,958.00","","0.67%"
"11/03/2025","1,945.00","1,945.00","1,945.00","1,945.00","","-1.07%"
"10/31/2025","1,966.00","1,966.00","1,966.00","1,966.00","","-0.86%"
"10/30/2025","1,983.00","1,983.00","1,983.00","1,983.00","","1.12%"
"10/29/2025","1,961.00","1,961.00","1,961.00","1,961.00","","0.56%"
"10/28/2025","1,950.00","1,950.00","1,950.00","1,950.00","","-1.32%"
"10/27/2025","1,976.00","1,976.00","1,976.00","1,976.00","","-0.75%"
"10/24/2025","1,991.00","1,991.00","1,991.00","1,991.00","","-3.21%"
"10/23/2025","2,057.00","2,057.00","2,057.00","2,057.00","","-1.77%"
"10/21/2025","2,094.00","2,094.00","2,094.00","2,094.00","","1.11%"
"10/20/2025","2,071.00","2,069.00","2,071.00","2,069.00","","0.10%"
"10/17/2025","2,069.00","2,069.00","2,069.00","2,069.00","","1.12%"
"10/16/2025","2,046.00","2,046.00","2,046.00","2,046.00","","2.45%"
"10/15/2025","1,997.00","1,997.00","1,997.00","1,997.00","","-1.24%"
"10/14/2025","2,022.00","2,022.00","2,022.00","2,022.00","","-5.69%"
"10/13/2025","2,144.00","2,144.00","2,144.00","2,144.00","","10.74%"
"10/10/2025","1,936.00","1,936.00","1,936.00","1,936.00","","0.68%"
"10/09/2025","1,923.00","1,923.00","1,923.00","1,923.00","","-2.04%"
"10/08/2025","1,963.00","1,963.00","1,963.00","1,963.00","","0.82%"
"10/07/2025","1,947.00","1,947.00","1,947.00","1,947.00","","0.78%"
"10/06/2025","1,932.00","1,932.00","1,932.00","1,932.00","","1.63%"
"10/03/2025","1,901.00","1,901.00","1,901.00","1,901.00","","-0.42%"
"10/02/2025","1,909.00","1,909.00","1,909.00","1,909.00","","-3.59%"
"10/01/2025","1,980.00","1,980.00","1,980.00","1,980.00","","-7.22%"
"09/30/2025","2,134.00","2,134.00","2,134.00","2,134.00","","-3.87%"
"09/29/2025","2,220.00","2,220.00","2,220.00","2,220.00","","-1.73%"
"09/26/2025","2,259.00","2,259.00","2,259.00","2,259.00","","-0.31%"
"09/25/2025","2,266.00","2,266.00","2,266.00","2,266.00","","1.16%"
"09/24/2025","2,240.00","2,240.00","2,240.00","2,240.00","","1.82%"
"09/23/2025","2,200.00","2,200.00","2,200.00","2,200.00","","1.29%"
"09/22/2025","2,172.00","2,172.00","2,172.00","2,172.00","","-1.41%"
"09/19/2025","2,203.00","2,203.00","2,203.00","2,203.00","","-0.09%"
"09/18/2025","2,205.00","2,205.00","2,205.00","2,205.00","","1.15%"
"09/17/2025","2,180.00","2,180.00","2,180.00","2,180.00","","1.21%"
"09/16/2025","2,154.00","2,154.00","2,154.00","2,154.00","","0.05%"
"09/15/2025","2,153.00","2,153.00","2,153.00","2,153.00","","1.27%"
"09/12/2025","2,126.00","2,126.00","2,126.00","2,126.00","","0.71%"
"09/11/2025","2,111.00","2,111.00","2,111.00","2,111.00","","-0.05%"
"09/10/2025","2,112.00","2,112.00","2,112.00","2,112.00","","1.59%"
"09/09/2025","2,079.00","2,079.00","2,079.00","2,079.00","","2.97%"
"09/08/2025","2,019.00","2,019.00","2,019.00","2,019.00","","2.02%"
"09/05/2025","1,979.00","1,979.00","1,979.00","1,979.00","","0.82%"
"09/04/2025","1,963.00","1,963.00","1,963.00","1,963.00","","1.19%"
"09/03/2025","1,940.00","1,940.00","1,940.00","1,940.00","","-2.32%"
"09/02/2025","1,986.00","1,986.00","1,986.00","1,986.00","","-1.88%"
"09/01/2025","2,024.00","2,024.00","2,024.00","2,024.00","","-0.05%"
"08/29/2025","2,025.00","2,025.00","2,025.00","2,025.00","","0.40%"
"08/28/2025","2,017.00","2,017.00","2,017.00","2,017.00","","-1.42%"
"08/27/2025","2,046.00","2,046.00","2,046.00","2,046.00","","0.24%"
"08/26/2025","2,041.00","2,041.00","2,041.00","2,041.00","","4.99%"
"08/22/2025","1,944.00","1,944.00","1,944.00","1,944.00","","2.69%"
"08/21/2025","1,893.00","1,893.00","1,893.00","1,893.00","","-1.76%"
"08/20/2025","1,927.00","1,927.00","1,927.00","1,927.00","","-1.88%"
"08/19/2025","1,964.00","1,964.00","1,964.00","1,964.00","","-2.87%"
"08/18/2025","2,022.00","2,022.00","2,022.00","2,022.00","","-1.08%"
"08/15/2025","2,044.00","2,044.00","2,044.00","2,044.00","","0.25%"
"08/14/2025","2,039.00","2,039.00","2,039.00","2,039.00","","0.69%"
"08/13/2025","2,025.00","2,025.00","2,025.00","2,025.00","","0.40%"
"08/12/2025","2,017.00","2,017.00","2,017.00","2,017.00","","-1.03%"
"08/11/2025","2,038.00","2,038.00","2,038.00","2,038.00","","-0.63%"
"08/08/2025","2,051.00","2,051.00","2,051.00","2,051.00","","2.14%"
"08/07/2025","2,008.00","2,008.00","2,008.00","2,008.00","","0.70%"
"08/06/2025","1,994.00","1,994.00","1,994.00","1,994.00","","3.80%"
"08/05/2025","1,921.00","1,921.00","1,921.00","1,921.00","","-2.49%"
"08/04/2025","1,970.00","1,970.00","1,970.00","1,970.00","","-2.38%"
"08/01/2025","2,018.00","2,018.00","2,018.00","2,018.00","","0.75%"
"07/31/2025","2,003.00","2,003.00","2,003.00","2,003.00","","0.40%"
"07/30/2025","1,995.00","1,995.00","1,995.00","1,995.00","","-5.41%"
"07/29/2025","2,109.00","2,109.00","2,109.00","2,109.00","","-5.26%"
"07/28/2025","2,226.00","2,226.00","2,226.00","2,226.00","","-1.37%"
"07/25/2025","2,257.00","2,257.00","2,257.00","2,257.00","","-0.04%"
"07/24/2025","2,258.00","2,258.00","2,258.00","2,258.00","","6.51%"
"07/23/2025","2,120.00","2,120.00","2,120.00","2,120.00","","4.18%"
"07/22/2025","2,035.00","2,035.00","2,035.00","2,035.00","","0.94%"
"07/21/2025","2,016.00","2,016.00","2,016.00","2,016.00","","-1.75%"
"07/18/2025","2,052.00","2,052.00","2,052.00","2,052.00","","1.08%"
"07/17/2025","2,030.00","2,030.00","2,030.00","2,030.00","","6.51%"
"07/16/2025","1,906.00","1,906.00","1,906.00","1,906.00","","2.14%"
"07/15/2025","1,866.00","1,866.00","1,866.00","1,866.00","","4.66%"
"07/14/2025","1,783.00","1,783.00","1,783.00","1,783.00","","7.22%"
"07/11/2025","1,663.00","1,663.00","1,663.00","1,663.00","","13.52%"
"07/10/2025","1,465.00","1,465.00","1,465.00","1,465.00","","2.95%"
"07/09/2025","1,423.00","1,423.00","1,423.00","1,423.00","","-0.56%"
"07/08/2025","1,431.00","1,431.00","1,431.00","1,431.00","","-0.35%"
"07/07/2025","1,436.00","1,436.00","1,436.00","1,436.00","","0.00%"
"07/04/2025","1,436.00","1,436.00","1,436.00","1,436.00","","0.14%"
"07/03/2025","1,434.00","1,434.00","1,434.00","1,434.00","","-0.62%"
"07/02/2025","1,443.00","1,443.00","1,443.00","1,443.00","","-1.03%"
"07/01/2025","1,458.00","1,458.00","1,458.00","1,458.00","","-2.08%"
"06/30/2025","1,489.00","1,489.00","1,489.00","1,489.00","","-2.10%"
"06/27/2025","1,521.00","1,521.00","1,521.00","1,521.00","","-2.06%"
"06/26/2025","1,553.00","1,553.00","1,553.00","1,553.00","","-6.73%"
"06/25/2025","1,665.00","1,665.00","1,665.00","1,665.00","","-0.95%"
"06/24/2025","1,681.00","1,681.00","1,681.00","1,681.00","","0.42%"
"06/23/2025","1,674.00","1,674.00","1,674.00","1,674.00","","-0.89%"
"06/20/2025","1,689.00","1,689.00","1,689.00","1,689.00","","-3.54%"
"06/19/2025","1,751.00","1,751.00","1,751.00","1,751.00","","-6.56%"
"06/18/2025","1,874.00","1,874.00","1,874.00","1,874.00","","-4.00%"
"06/17/2025","1,952.00","1,952.00","1,952.00","1,952.00","","-1.16%"
"06/16/2025","1,975.00","1,975.00","1,975.00","1,975.00","","0.36%"
"06/13/2025","1,968.00","1,968.00","1,968.00","1,968.00","","3.36%"
"06/12/2025","1,904.00","1,904.00","1,904.00","1,904.00","","9.55%"
"06/11/2025","1,738.00","1,738.00","1,738.00","1,738.00","","3.45%"
"06/10/2025","1,680.00","1,680.00","1,680.00","1,680.00","","-0.65%"
"06/09/2025","1,691.00","1,691.00","1,691.00","1,691.00","","3.55%"
"06/06/2025","1,633.00","1,633.00","1,633.00","1,633.00","","0.43%"
"06/05/2025","1,626.00","1,626.00","1,626.00","1,626.00","","9.20%"
"06/04/2025","1,489.00","1,489.00","1,489.00","1,489.00","","4.13%"
"06/03/2025","1,430.00","1,430.00","1,430.00","1,430.00","","0.56%"
"06/02/2025","1,422.00","1,422.00","1,422.00","1,422.00","","0.28%"
"05/30/2025","1,418.00","1,418.00","1,418.00","1,418.00","","4.80%"
"05/29/2025","1,353.00","1,353.00","1,353.00","1,353.00","","3.84%"
"05/28/2025","1,303.00","1,303.00","1,303.00","1,303.00","","0.54%"
"05/27/2025","1,296.00","1,296.00","1,296.00","1,296.00","","-3.28%"
"05/23/2025","1,340.00","1,340.00","1,340.00","1,340.00","","-0.07%"
"05/22/2025","1,341.00","1,341.00","1,341.00","1,341.00","","0.30%"
"05/21/2025","1,337.00","1,337.00","1,337.00","1,337.00","","-0.22%"
"05/20/2025","1,340.00","1,340.00","1,340.00","1,340.00","","-0.52%"
"05/19/2025","1,347.00","1,347.00","1,347.00","1,347.00","","-2.95%"
"05/16/2025","1,388.00","1,388.00","1,388.00","1,388.00","","6.36%"
"05/15/2025","1,305.00","1,305.00","1,305.00","1,305.00","","3.00%"
"05/14/2025","1,267.00","1,267.00","1,267.00","1,267.00","","-1.02%"
"05/13/2025","1,280.00","1,280.00","1,280.00","1,280.00","","-1.84%"
"05/12/2025","1,304.00","1,304.00","1,304.00","1,304.00","","0.38%"
"05/09/2025","1,299.00","1,299.00","1,299.00","1,299.00","","-1.29%"
"05/08/2025","1,316.00","1,316.00","1,316.00","1,316.00","","-4.22%"
"05/07/2025","1,374.00","1,374.00","1,374.00","1,374.00","","-2.28%"
"05/06/2025","1,406.00","1,406.00","1,406.00","1,406.00","","-1.06%"
"05/02/2025","1,421.00","1,421.00","1,421.00","1,421.00","","0.71%"
"05/01/2025","1,411.00","1,411.00","1,411.00","1,411.00","","1.80%"
"04/30/2025","1,386.00","1,386.00","1,386.00","1,386.00","","-0.86%"
"04/29/2025","1,398.00","1,398.00","1,398.00","1,398.00","","-0.36%"
"04/28/2025","1,403.00","1,403.00","1,403.00","1,403.00","","2.18%"
"04/25/2025","1,373.00","1,373.00","1,373.00","1,373.00","","1.48%"
"04/24/2025","1,353.00","1,353.00","1,353.00","1,353.00","","4.08%"
"04/23/2025","1,300.00","1,300.00","1,300.00","1,300.00","","3.09%"
"04/22/2025","1,261.00","1,261.00","1,261.00","1,261.00","","0.00%"
"04/17/2025","1,261.00","1,261.00","1,261.00","1,261.00","","1.61%"
"04/16/2025","1,241.00","1,241.00","1,241.00","1,241.00","","-1.74%"
"04/15/2025","1,263.00","1,263.00","1,263.00","1,263.00","","-1.48%"
"04/14/2025","1,282.00","1,282.00","1,282.00","1,282.00","","0.63%"
"04/11/2025","1,274.00","1,274.00","1,274.00","1,274.00","","0.39%"
"04/10/2025","1,269.00","1,269.00","1,269.00","1,269.00","","0.79%"
"04/09/2025","1,259.00","1,259.00","1,259.00","1,259.00","","-6.18%"
"04/08/2025","1,342.00","1,342.00","1,342.00","1,342.00","","-4.21%"
"04/07/2025","1,401.00","1,401.00","1,401.00","1,401.00","","-5.91%"
"04/04/2025","1,489.00","1,489.00","1,489.00","1,489.00","","-3.31%"
"04/03/2025","1,540.00","1,540.00","1,540.00","1,540.00","","-2.72%"
"04/02/2025","1,583.00","1,583.00","1,583.00","1,583.00","","-0.25%"
"04/01/2025","1,587.00","1,587.00","1,587.00","1,587.00","","-0.69%"
"03/31/2025","1,598.00","1,598.00","1,598.00","1,598.00","","-0.25%"
"03/28/2025","1,602.00","1,602.00","1,602.00","1,602.00","","-1.17%"
"03/27/2025","1,621.00","1,621.00","1,621.00","1,621.00","","-0.80%"
"03/26/2025","1,634.00","1,634.00","1,634.00","1,634.00","","-0.49%"
"03/25/2025","1,642.00","1,642.00","1,642.00","1,642.00","","-0.61%"
"03/24/2025","1,652.00","1,652.00","1,652.00","1,652.00","","0.55%"
"03/21/2025","1,643.00","1,643.00","1,643.00","1,643.00","","0.49%"
"03/20/2025","1,635.00","1,635.00","1,635.00","1,635.00","","-0.12%"
"03/19/2025","1,637.00","1,637.00","1,637.00","1,637.00","","-0.79%"
"03/18/2025","1,650.00","1,650.00","1,650.00","1,650.00","","-0.48%"
"03/17/2025","1,658.00","1,658.00","1,658.00","1,658.00","","-0.66%"
"03/14/2025","1,669.00","1,669.00","1,669.00","1,669.00","","1.15%"
"03/13/2025","1,650.00","1,650.00","1,650.00","1,650.00","","5.84%"
"03/12/2025","1,559.00","1,559.00","1,559.00","1,559.00","","8.57%"
"03/11/2025","1,436.00","1,436.00","1,436.00","1,436.00","","0.84%"
"03/10/2025","1,424.00","1,424.00","1,424.00","1,424.00","","1.71%"
"03/07/2025","1,400.00","1,400.00","1,400.00","1,400.00","","8.86%"
"03/06/2025","1,286.00","1,286.00","1,286.00","1,286.00","","4.72%"
"03/05/2025","1,228.00","1,228.00","1,228.00","1,228.00","","-2.69%"
"03/04/2025","1,262.00","1,262.00","1,262.00","1,262.00","","-1.10%"
"03/03/2025","1,276.00","1,276.00","1,276.00","1,276.00","","3.82%"
"02/28/2025","1,229.00","1,229.00","1,229.00","1,229.00","","6.04%"
"02/27/2025","1,159.00","1,159.00","1,159.00","1,159.00","","4.23%"
"02/26/2025","1,112.00","1,112.00","1,112.00","1,112.00","","7.03%"
"02/25/2025","1,039.00","1,039.00","1,039.00","1,039.00","","3.69%"
"02/24/2025","1,002.00","1,002.00","1,002.00","1,002.00","","2.14%"
"02/21/2025","981.00","981.00","981.00","981.00","","4.25%"
"02/20/2025","941.00","941.00","941.00","941.00","","4.09%"
"02/19/2025","904.00","904.00","904.00","904.00","","7.49%"
"02/18/2025","841.00","841.00","841.00","841.00","","4.34%"
"02/17/2025","806.00","806.00","806.00","806.00","","1.77%"
"02/14/2025","792.00","792.00","792.00","792.00","","1.54%"
"02/13/2025","780.00","780.00","780.00","780.00","","0.52%"
"02/12/2025","776.00","776.00","776.00","776.00","","-3.12%"
"02/11/2025","801.00","801.00","801.00","801.00","","-0.99%"
"02/10/2025","809.00","809.00","809.00","809.00","","-0.74%"
"02/07/2025","815.00","815.00","815.00","815.00","","2.77%"
"02/06/2025","793.00","793.00","793.00","793.00","","2.85%"
"02/05/2025","771.00","771.00","771.00","771.00","","2.39%"
"02/04/2025","753.00","753.00","753.00","753.00","","2.03%"
"02/03/2025","738.00","738.00","738.00","738.00","","0.41%"
"01/31/2025","735.00","735.00","735.00","735.00","","2.80%"
"01/30/2025","715.00","715.00","715.00","715.00","","-1.52%"
"01/29/2025","726.00","726.00","726.00","726.00","","-2.68%"
"01/28/2025","746.00","746.00","746.00","746.00","","-1.97%"
"01/27/2025","761.00","761.00","761.00","761.00","","-2.19%"
"01/24/2025","778.00","778.00","778.00","778.00","","-5.58%"
"01/23/2025","824.00","824.00","824.00","824.00","","-7.73%"
"01/22/2025","893.00","893.00","893.00","893.00","","-3.77%"
"01/21/2025","928.00","928.00","928.00","928.00","","-3.03%"
"01/20/2025","957.00","957.00","957.00","957.00","","-3.04%"
"01/17/2025","987.00","987.00","987.00","987.00","","-3.52%"
"01/16/2025","1,023.00","1,023.00","1,023.00","1,023.00","","-3.76%"
"01/15/2025","1,063.00","1,063.00","1,063.00","1,063.00","","-1.57%"
"01/14/2025","1,080.00","1,080.00","1,080.00","1,080.00","","-1.19%"
"01/13/2025","1,093.00","1,093.00","1,093.00","1,093.00","","4.29%"
"01/10/2025","1,048.00","1,048.00","1,048.00","1,048.00","","8.15%"
"01/09/2025","969.00","969.00","969.00","969.00","","0.31%"
"01/08/2025","966.00","966.00","966.00","966.00","","-4.83%"
"01/07/2025","1,015.00","1,015.00","1,015.00","1,015.00","","-2.68%"
"01/06/2025","1,043.00","1,043.00","1,043.00","1,043.00","","-2.71%"
"01/03/2025","1,072.00","1,072.00","1,072.00","1,072.00","","4.18%"
"01/02/2025","1,029.00","1,029.00","1,029.00","1,029.00","","3.21%"
"12/24/2024","997.00","997.00","997.00","997.00","","0.30%"
"12/23/2024","994.00","994.00","994.00","994.00","","0.40%"
"12/20/2024","990.00","990.00","990.00","990.00","","1.43%"
"12/19/2024","976.00","976.00","976.00","976.00","","-5.06%"
"12/18/2024","1,028.00","1,028.00","1,028.00","1,028.00","","-2.37%"
"12/17/2024","1,053.00","1,053.00","1,053.00","1,053.00","","-1.68%"
"12/16/2024","1,071.00","1,071.00","1,071.00","1,071.00","","1.90%"
"12/13/2024","1,051.00","1,051.00","1,051.00","1,051.00","","-0.38%"
"12/12/2024","1,055.00","1,055.00","1,055.00","1,055.00","","-4.61%"
"12/11/2024","1,106.00","1,106.00","1,106.00","1,106.00","","-4.33%"
"12/10/2024","1,156.00","1,156.00","1,156.00","1,156.00","","-1.03%"
"12/09/2024","1,168.00","1,168.00","1,168.00","1,168.00","","0.09%"
"12/06/2024","1,167.00","1,167.00","1,167.00","1,167.00","","0.60%"
"12/05/2024","1,160.00","1,160.00","1,160.00","1,160.00","","-1.69%"
"12/04/2024","1,180.00","1,180.00","1,180.00","1,180.00","","-4.61%"
"12/03/2024","1,237.00","1,237.00","1,237.00","1,237.00","","-4.70%"
"12/02/2024","1,298.00","1,298.00","1,298.00","1,298.00","","-4.14%"
"11/29/2024","1,354.00","1,354.00","1,354.00","1,354.00","","-4.58%"
"11/28/2024","1,419.00","1,419.00","1,419.00","1,419.00","","-5.96%"
"11/27/2024","1,509.00","1,509.00","1,509.00","1,509.00","","-4.55%"
"11/26/2024","1,581.00","1,581.00","1,581.00","1,581.00","","3.40%"
"11/25/2024","1,529.00","1,529.00","1,529.00","1,529.00","","-0.52%"
"11/22/2024","1,537.00","1,537.00","1,537.00","1,537.00","","-2.47%"
"11/21/2024","1,576.00","1,576.00","1,576.00","1,576.00","","-2.48%"
"11/20/2024","1,616.00","1,616.00","1,616.00","1,616.00","","-0.68%"
"11/19/2024","1,627.00","1,627.00","1,627.00","1,627.00","","-7.35%"
"11/18/2024","1,756.00","1,756.00","1,756.00","1,756.00","","-1.62%"
"11/15/2024","1,785.00","1,785.00","1,785.00","1,785.00","","5.50%"
"11/14/2024","1,692.00","1,692.00","1,692.00","1,692.00","","3.80%"
"11/13/2024","1,630.00","1,630.00","1,630.00","1,630.00","","-0.24%"
"11/12/2024","1,634.00","1,634.00","1,634.00","1,634.00","","4.88%"
"11/11/2024","1,558.00","1,558.00","1,558.00","1,558.00","","4.21%"
"11/08/2024","1,495.00","1,495.00","1,495.00","1,495.00","","3.03%"
"11/07/2024","1,451.00","1,451.00","1,451.00","1,451.00","","1.68%"
"11/06/2024","1,427.00","1,427.00","1,427.00","1,427.00","","1.57%"
"11/05/2024","1,405.00","1,405.00","1,405.00","1,405.00","","2.26%"
"11/04/2024","1,374.00","1,374.00","1,374.00","1,374.00","","-0.29%"
"11/01/2024","1,378.00","1,378.00","1,378.00","1,378.00","","-0.72%"
"10/31/2024","1,388.00","1,388.00","1,388.00","1,388.00","","-0.50%"
"10/30/2024","1,395.00","1,395.00","1,395.00","1,395.00","","-0.50%"
"10/29/2024","1,402.00","1,402.00","1,402.00","1,402.00","","1.45%"
"10/28/2024","1,382.00","1,382.00","1,382.00","1,382.00","","-1.99%"
"10/25/2024","1,410.00","1,410.00","1,410.00","1,410.00","","-0.49%"
"10/24/2024","1,417.00","1,417.00","1,417.00","1,417.00","","-1.94%"
"10/23/2024","1,445.00","1,445.00","1,445.00","1,445.00","","-2.36%"
"10/22/2024","1,480.00","1,480.00","1,480.00","1,480.00","","-4.27%"
"10/21/2024","1,546.00","1,546.00","1,546.00","1,546.00","","-1.90%"
"10/18/2024","1,576.00","1,576.00","1,576.00","1,576.00","","-1.13%"
"10/17/2024","1,594.00","1,594.00","1,594.00","1,594.00","","-4.89%"
"10/16/2024","1,676.00","1,676.00","1,676.00","1,676.00","","-5.10%"
"10/15/2024","1,766.00","1,766.00","1,766.00","1,766.00","","-2.65%"
"10/14/2024","1,814.00","1,814.00","1,814.00","1,814.00","","0.28%"
"10/11/2024","1,809.00","1,809.00","1,809.00","1,809.00","","1.06%"
"10/10/2024","1,790.00","1,790.00","1,790.00","1,790.00","","-0.50%"
"10/09/2024","1,799.00","1,799.00","1,799.00","1,799.00","","-3.28%"
"10/08/2024","1,860.00","1,860.00","1,860.00","1,860.00","","-2.46%"
"10/07/2024","1,907.00","1,907.00","1,907.00","1,907.00","","-1.09%"
"10/04/2024","1,928.00","1,928.00","1,928.00","1,928.00","","-0.67%"
"10/03/2024","1,941.00","1,941.00","1,941.00","1,941.00","","-1.87%"
"10/02/2024","1,978.00","1,978.00","1,978.00","1,978.00","","-2.56%"
"10/01/2024","2,030.00","2,030.00","2,030.00","2,030.00","","-2.59%"
"09/30/2024","2,084.00","2,084.00","2,084.00","2,084.00","","-1.23%"
"09/27/2024","2,110.00","2,110.00","2,110.00","2,110.00","","0.91%"
"09/26/2024","2,091.00","2,091.00","2,091.00","2,091.00","","3.72%"
"09/25/2024","2,016.00","2,016.00","2,016.00","2,016.00","","0.10%"
"09/24/2024","2,014.00","2,014.00","2,014.00","2,014.00","","0.75%"
"09/23/2024","1,999.00","1,999.00","1,999.00","1,999.00","","1.11%"
"09/20/2024","1,977.00","1,977.00","1,977.00","1,977.00","","0.05%"
"09/19/2024","1,976.00","1,976.00","1,976.00","1,976.00","","4.55%"
"09/18/2024","1,890.00","1,890.00","1,890.00","1,890.00","","-0.58%"
"09/17/2024","1,901.00","1,901.00","1,901.00","1,901.00","","0.26%"
"09/16/2024","1,896.00","1,896.00","1,896.00","1,896.00","","0.32%"
"09/13/2024","1,890.00","1,890.00","1,890.00","1,890.00","","-1.92%"
"09/12/2024","1,927.00","1,927.00","1,927.00","1,927.00","","-1.83%"
"09/11/2024","1,963.00","1,963.00","1,963.00","1,963.00","","1.13%"
"09/10/2024","1,941.00","1,941.00","1,941.00","1,941.00","","-0.87%"
"09/09/2024","1,958.00","1,958.00","1,958.00","1,958.00","","0.88%"
"09/06/2024","1,941.00","1,941.00","1,941.00","1,941.00","","1.15%"
"09/05/2024","1,919.00","1,919.00","1,919.00","1,919.00","","0.89%"
"09/04/2024","1,902.00","1,902.00","1,902.00","1,902.00","","-2.31%"
"09/03/2024","1,947.00","1,947.00","1,947.00","1,947.00","","1.46%"
"09/02/2024","1,919.00","1,919.00","1,919.00","1,919.00","","5.79%"
"08/30/2024","1,814.00","1,814.00","1,814.00","1,814.00","","-0.71%"
"08/29/2024","1,827.00","1,827.00","1,827.00","1,827.00","","4.10%"
"08/28/2024","1,755.00","1,755.00","1,755.00","1,755.00","","1.98%"
"08/27/2024","1,721.00","1,721.00","1,721.00","1,721.00","","-2.33%"
"08/23/2024","1,762.00","1,762.00","1,762.00","1,762.00","","-0.34%"
"08/22/2024","1,768.00","1,768.00","1,768.00","1,768.00","","0.51%"
"08/21/2024","1,759.00","1,759.00","1,759.00","1,759.00","","1.38%"
"08/20/2024","1,735.00","1,735.00","1,735.00","1,735.00","","1.58%"
"08/19/2024","1,708.00","1,708.00","1,708.00","1,708.00","","1.01%"
"08/16/2024","1,691.00","1,691.00","1,691.00","1,691.00","","-0.06%"
"08/15/2024","1,692.00","1,692.00","1,692.00","1,692.00","","-2.08%"
"08/14/2024","1,728.00","1,728.00","1,728.00","1,728.00","","3.47%"
"08/13/2024","1,670.00","1,670.00","1,670.00","1,670.00","","0.91%"
"08/12/2024","1,655.00","1,655.00","1,655.00","1,655.00","","-0.90%"
"08/09/2024","1,670.00","1,670.00","1,670.00","1,670.00","","-0.77%"
"08/08/2024","1,683.00","1,683.00","1,683.00","1,683.00","","-0.88%"
"08/07/2024","1,698.00","1,698.00","1,698.00","1,698.00","","0.77%"
"08/06/2024","1,685.00","1,685.00","1,685.00","1,685.00","","0.48%"
"08/05/2024","1,677.00","1,677.00","1,677.00","1,677.00","","0.12%"
"08/02/2024","1,675.00","1,675.00","1,675.00","1,675.00","","0.42%"
"08/01/2024","1,668.00","1,668.00","1,668.00","1,668.00","","-2.34%"
"07/31/2024","1,708.00","1,708.00","1,708.00","1,708.00","","-3.06%"
"07/30/2024","1,762.00","1,762.00","1,762.00","1,762.00","","-1.95%"
"07/29/2024","1,797.00","1,797.00","1,797.00","1,797.00","","-0.61%"
"07/26/2024","1,808.00","1,808.00","1,808.00","1,808.00","","-1.42%"
"07/25/2024","1,834.00","1,834.00","1,834.00","1,834.00","","-1.61%"
"07/24/2024","1,864.00","1,864.00","1,864.00","1,864.00","","-0.27%"
"07/23/2024","1,869.00","1,869.00","1,869.00","1,869.00","","-1.42%"
"07/22/2024","1,896.00","1,896.00","1,896.00","1,896.00","","-0.32%"
"07/19/2024","1,902.00","1,902.00","1,902.00","1,902.00","","-0.52%"
"07/18/2024","1,912.00","1,912.00","1,912.00","1,912.00","","1.16%"
"07/17/2024","1,890.00","1,890.00","1,890.00","1,890.00","","-2.68%"
"07/16/2024","1,942.00","1,942.00","1,942.00","1,942.00","","-2.56%"
"07/15/2024","1,993.00","1,993.00","1,993.00","1,993.00","","-0.20%"
"07/12/2024","1,997.00","1,997.00","1,997.00","1,997.00","","2.57%"
"07/11/2024","1,947.00","1,947.00","1,947.00","1,947.00","","0.41%"
"07/10/2024","1,939.00","1,939.00","1,939.00","1,939.00","","2.38%"
"07/09/2024","1,894.00","1,894.00","1,894.00","1,894.00","","-2.37%"
"07/08/2024","1,940.00","1,940.00","1,940.00","1,940.00","","-1.32%"
"07/05/2024","1,966.00","1,966.00","1,966.00","1,966.00","","-2.72%"
"07/04/2024","2,021.00","2,021.00","2,021.00","2,021.00","","-2.08%"
"07/03/2024","2,064.00","2,064.00","2,064.00","2,064.00","","-5.28%"
"07/02/2024","2,179.00","2,179.00","2,179.00","2,179.00","","0.97%"
"07/01/2024","2,158.00","2,158.00","2,158.00","2,158.00","","5.27%"
"06/28/2024","2,050.00","2,050.00","2,050.00","2,050.00","","0.94%"
"06/27/2024","2,031.00","2,031.00","2,031.00","2,031.00","","3.41%"
"06/26/2024","1,964.00","1,964.00","1,964.00","1,964.00","","1.97%"
"06/25/2024","1,926.00","1,926.00","1,926.00","1,926.00","","-2.38%"
"06/24/2024","1,973.00","1,973.00","1,973.00","1,973.00","","-1.20%"
"06/21/2024","1,997.00","1,997.00","1,997.00","1,997.00","","0.66%"
"06/20/2024","1,984.00","1,984.00","1,984.00","1,984.00","","2.11%"
"06/19/2024","1,943.00","1,943.00","1,943.00","1,943.00","","-0.92%"
"06/18/2024","1,961.00","1,961.00","1,961.00","1,961.00","","0.67%"
"06/17/2024","1,948.00","1,948.00","1,948.00","1,948.00","","0.00%"
"06/14/2024","1,948.00","1,948.00","1,948.00","1,948.00","","0.31%"
"06/13/2024","1,942.00","1,942.00","1,942.00","1,942.00","","5.77%"
"06/12/2024","1,836.00","1,836.00","1,836.00","1,836.00","","0.27%"
"06/11/2024","1,831.00","1,831.00","1,831.00","1,831.00","","-2.76%"
"06/10/2024","1,883.00","1,883.00","1,883.00","1,883.00","","0.11%"
"06/07/2024","1,881.00","1,881.00","1,881.00","1,881.00","","0.64%"
"06/06/2024","1,869.00","1,869.00","1,869.00","1,869.00","","0.92%"
"06/05/2024","1,852.00","1,852.00","1,852.00","1,852.00","","2.15%"
"06/04/2024","1,813.00","1,813.00","1,813.00","1,813.00","","0.28%"
"06/03/2024","1,808.00","1,808.00","1,808.00","1,808.00","","-0.39%"
"05/31/2024","1,815.00","1,815.00","1,815.00","1,815.00","","0.78%"
"05/30/2024","1,801.00","1,801.00","1,801.00","1,801.00","","0.61%"
"05/29/2024","1,790.00","1,790.00","1,790.00","1,790.00","","0.34%"
"05/28/2024","1,784.00","1,784.00","1,784.00","1,784.00","","-0.72%"
"05/24/2024","1,797.00","1,797.00","1,797.00","1,797.00","","0.06%"
"05/23/2024","1,796.00","1,796.00","1,796.00","1,796.00","","-0.44%"
"05/22/2024","1,804.00","1,804.00","1,804.00","1,804.00","","-1.37%"
"05/21/2024","1,829.00","1,829.00","1,829.00","1,829.00","","-0.97%"
"05/20/2024","1,847.00","1,847.00","1,847.00","1,847.00","","0.16%"
"05/17/2024","1,844.00","1,844.00","1,844.00","1,844.00","","1.49%"
"05/16/2024","1,817.00","1,817.00","1,817.00","1,817.00","","-3.81%"
"05/15/2024","1,889.00","1,889.00","1,889.00","1,889.00","","-5.22%"
"05/14/2024","1,993.00","1,993.00","1,993.00","1,993.00","","-3.53%"
"05/13/2024","2,066.00","2,066.00","2,066.00","2,066.00","","-2.96%"
"05/10/2024","2,129.00","2,129.00","2,129.00","2,129.00","","-1.71%"
"05/09/2024","2,166.00","2,166.00","2,166.00","2,166.00","","-1.68%"
"05/08/2024","2,203.00","2,203.00","2,203.00","2,203.00","","5.76%"
"05/07/2024","2,083.00","2,083.00","2,083.00","2,083.00","","11.03%"
"05/03/2024","1,876.00","1,876.00","1,876.00","1,876.00","","5.75%"
"05/02/2024","1,774.00","1,774.00","1,774.00","1,774.00","","5.09%"
"05/01/2024","1,688.00","1,688.00","1,688.00","1,688.00","","0.18%"
"04/30/2024","1,685.00","1,685.00","1,685.00","1,685.00","","0.06%"
"04/29/2024","1,684.00","1,684.00","1,684.00","1,684.00","","-2.15%"
"04/26/2024","1,721.00","1,721.00","1,721.00","1,721.00","","-1.26%"
"04/25/2024","1,743.00","1,743.00","1,743.00","1,743.00","","-1.75%"
"04/24/2024","1,774.00","1,774.00","1,774.00","1,774.00","","-1.66%"
"04/23/2024","1,804.00","1,804.00","1,804.00","1,804.00","","-4.14%"
"04/22/2024","1,882.00","1,882.00","1,882.00","1,882.00","","-1.93%"
"04/19/2024","1,919.00","1,919.00","1,919.00","1,919.00","","0.95%"
"04/18/2024","1,901.00","1,901.00","1,901.00","1,901.00","","3.09%"
"04/17/2024","1,844.00","1,844.00","1,844.00","1,844.00","","3.65%"
"04/16/2024","1,779.00","1,779.00","1,779.00","1,779.00","","2.83%"
"04/15/2024","1,730.00","1,730.00","1,730.00","1,730.00","","0.06%"
"04/12/2024","1,729.00","1,729.00","1,729.00","1,729.00","","2.31%"
"04/11/2024","1,690.00","1,690.00","1,690.00","1,690.00","","6.49%"
"04/10/2024","1,587.00","1,587.00","1,587.00","1,587.00","","1.08%"
"04/09/2024","1,570.00","1,570.00","1,570.00","1,570.00","","-1.51%"
"04/08/2024","1,594.00","1,594.00","1,594.00","1,594.00","","-2.09%"
"04/05/2024","1,628.00","1,628.00","1,628.00","1,628.00","","-2.46%"
"04/04/2024","1,669.00","1,669.00","1,669.00","1,669.00","","-2.45%"
"04/03/2024","1,711.00","1,711.00","1,711.00","1,711.00","","-0.18%"
"04/02/2024","1,714.00","1,714.00","1,714.00","1,714.00","","-5.88%"
"03/28/2024","1,821.00","1,821.00","1,821.00","1,821.00","","-1.30%"
"03/27/2024","1,845.00","1,845.00","1,845.00","1,845.00","","-7.24%"
"03/26/2024","1,989.00","1,989.00","1,989.00","1,989.00","","-6.31%"
"03/25/2024","2,123.00","2,123.00","2,123.00","2,123.00","","-3.32%"
"03/22/2024","2,196.00","2,196.00","2,196.00","2,196.00","","-1.96%"
"03/21/2024","2,240.00","2,240.00","2,240.00","2,240.00","","-1.93%"
"03/20/2024","2,284.00","2,284.00","2,284.00","2,284.00","","-4.52%"
"03/19/2024","2,392.00","2,392.00","2,392.00","2,392.00","","-1.12%"
"03/18/2024","2,419.00","2,419.00","2,419.00","2,419.00","","1.90%"
"03/15/2024","2,374.00","2,374.00","2,374.00","2,374.00","","1.02%"
"03/14/2024","2,350.00","2,350.00","2,350.00","2,350.00","","-0.84%"
"03/13/2024","2,370.00","2,370.00","2,370.00","2,370.00","","2.38%"
"03/12/2024","2,315.00","2,315.00","2,315.00","2,315.00","","-2.61%"
"03/11/2024","2,377.00","2,377.00","2,377.00","2,377.00","","1.36%"
"03/08/2024","2,345.00","2,345.00","2,345.00","2,345.00","","4.18%"
"03/07/2024","2,251.00","2,251.00","2,251.00","2,251.00","","3.45%"
"03/06/2024","2,176.00","2,176.00","2,176.00","2,176.00","","-5.02%"
"03/05/2024","2,291.00","2,291.00","2,291.00","2,291.00","","-0.26%"
"03/04/2024","2,297.00","2,297.00","2,297.00","2,297.00","","4.27%"
"03/01/2024","2,203.00","2,203.00","2,203.00","2,203.00","","4.36%"
"02/29/2024","2,111.00","2,111.00","2,111.00","2,111.00","","3.43%"
"02/28/2024","2,041.00","2,041.00","2,041.00","2,041.00","","7.48%"
"02/27/2024","1,899.00","1,899.00","1,899.00","1,899.00","","1.50%"
"02/26/2024","1,871.00","1,871.00","1,871.00","1,871.00","","0.27%"
"02/23/2024","1,866.00","1,866.00","1,866.00","1,866.00","","6.51%"
"02/22/2024","1,752.00","1,752.00","1,752.00","1,752.00","","4.53%"
"02/21/2024","1,676.00","1,676.00","1,676.00","1,676.00","","2.70%"
"02/20/2024","1,632.00","1,632.00","1,632.00","1,632.00","","0.18%"
"02/19/2024","1,629.00","1,629.00","1,629.00","1,629.00","","1.18%"
"02/16/2024","1,610.00","1,610.00","1,610.00","1,610.00","","1.83%"
"02/15/2024","1,581.00","1,581.00","1,581.00","1,581.00","","-0.06%"
"02/14/2024","1,582.00","1,582.00","1,582.00","1,582.00","","-0.19%"
"02/13/2024","1,585.00","1,585.00","1,585.00","1,585.00","","0.83%"
"02/12/2024","1,572.00","1,572.00","1,572.00","1,572.00","","1.75%"
"02/09/2024","1,545.00","1,545.00","1,545.00","1,545.00","","4.89%"
"02/08/2024","1,473.00","1,473.00","1,473.00","1,473.00","","-0.94%"
"02/07/2024","1,487.00","1,487.00","1,487.00","1,487.00","","-1.91%"
"02/06/2024","1,516.00","1,516.00","1,516.00","1,516.00","","5.57%"
"02/05/2024","1,436.00","1,436.00","1,436.00","1,436.00","","2.06%"
"02/02/2024","1,407.00","1,407.00","1,407.00","1,407.00","","1.37%"
"02/01/2024","1,388.00","1,388.00","1,388.00","1,388.00","","-0.72%"
"01/31/2024","1,398.00","1,398.00","1,398.00","1,398.00","","0.07%"
"01/30/2024","1,397.00","1,397.00","1,397.00","1,397.00","","-4.32%"
"01/29/2024","1,460.00","1,460.00","1,460.00","1,460.00","","-3.82%"
"01/26/2024","1,518.00","1,518.00","1,518.00","1,518.00","","1.27%"
"01/25/2024","1,499.00","1,499.00","1,499.00","1,499.00","","-0.53%"
"01/24/2024","1,507.00","1,507.00","1,507.00","1,507.00","","2.31%"
"01/23/2024","1,473.00","1,473.00","1,473.00","1,473.00","","-2.96%"
"01/22/2024","1,518.00","1,518.00","1,518.00","1,518.00","","1.00%"
"01/19/2024","1,503.00","1,503.00","1,503.00","1,503.00","","10.76%"
"01/18/2024","1,357.00","1,357.00","1,357.00","1,357.00","","3.75%"
"01/17/2024","1,308.00","1,308.00","1,308.00","1,308.00","","-1.21%"
"01/16/2024","1,324.00","1,324.00","1,324.00","1,324.00","","-2.65%"
"01/15/2024","1,360.00","1,360.00","1,360.00","1,360.00","","-6.85%"
"01/12/2024","1,460.00","1,460.00","1,460.00","1,460.00","","-6.05%"
"01/11/2024","1,554.00","1,554.00","1,554.00","1,554.00","","-6.61%"
"01/10/2024","1,664.00","1,664.00","1,664.00","1,664.00","","-11.25%"
"01/09/2024","1,875.00","1,875.00","1,875.00","1,875.00","","-7.27%"
"01/08/2024","2,022.00","2,022.00","2,022.00","2,022.00","","-4.17%"
"01/05/2024","2,110.00","2,110.00","2,110.00","2,110.00","","1.15%"
"01/04/2024","2,086.00","2,086.00","2,086.00","2,086.00","","-0.24%"
"01/03/2024","2,091.00","2,091.00","2,091.00","2,091.00","","-0.10%"
"01/02/2024","2,093.00","2,093.00","2,093.00","2,093.00","","-0.05%"
"12/22/2023","2,094.00","2,094.00","2,094.00","2,094.00","","0.34%"
"12/21/2023","2,087.00","2,087.00","2,087.00","2,087.00","","-2.93%"
"12/20/2023","2,150.00","2,150.00","2,150.00","2,150.00","","-3.11%"
"12/19/2023","2,219.00","2,219.00","2,219.00","2,219.00","","-3.02%"
"12/18/2023","2,288.00","2,288.00","2,288.00","2,288.00","","-2.56%"
"12/15/2023","2,348.00","2,348.00","2,348.00","2,348.00","","-2.61%"
"12/14/2023","2,411.00","2,411.00","2,411.00","2,411.00","","-1.11%"
"12/13/2023","2,438.00","2,438.00","2,438.00","2,438.00","","-4.43%"
"12/12/2023","2,551.00","2,551.00","2,551.00","2,551.00","","1.67%"
"12/11/2023","2,509.00","2,509.00","2,509.00","2,509.00","","1.05%"
"12/08/2023","2,483.00","2,483.00","2,483.00","2,483.00","","-0.48%"
"12/07/2023","2,495.00","2,495.00","2,495.00","2,495.00","","-12.39%"
"12/06/2023","2,848.00","2,848.00","2,848.00","2,848.00","","-9.39%"
"12/05/2023","3,143.00","3,143.00","3,143.00","3,143.00","","-6.07%"
"12/04/2023","3,346.00","3,346.00","3,346.00","3,346.00","","4.82%"
"12/01/2023","3,192.00","3,192.00","3,192.00","3,192.00","","8.68%"
"11/30/2023","2,937.00","2,937.00","2,937.00","2,937.00","","8.94%"
"11/29/2023","2,696.00","2,696.00","2,696.00","2,696.00","","12.76%"
"11/28/2023","2,391.00","2,391.00","2,391.00","2,391.00","","5.84%"
"11/27/2023","2,259.00","2,259.00","2,259.00","2,259.00","","7.47%"
"11/24/2023","2,102.00","2,102.00","2,102.00","2,102.00","","13.32%"
"11/23/2023","1,855.00","1,855.00","1,855.00","1,855.00","","5.70%"
"11/22/2023","1,755.00","1,755.00","1,755.00","1,755.00","","-2.28%"
"11/21/2023","1,796.00","1,796.00","1,796.00","1,796.00","","-1.16%"
"11/20/2023","1,817.00","1,817.00","1,817.00","1,817.00","","-0.16%"
"11/17/2023","1,820.00","1,820.00","1,820.00","1,820.00","","3.53%"
"11/16/2023","1,758.00","1,758.00","1,758.00","1,758.00","","4.15%"
"11/15/2023","1,688.00","1,688.00","1,688.00","1,688.00","","1.56%"
"11/14/2023","1,662.00","1,662.00","1,662.00","1,662.00","","0.42%"
"11/13/2023","1,655.00","1,655.00","1,655.00","1,655.00","","0.73%"
"11/10/2023","1,643.00","1,643.00","1,643.00","1,643.00","","2.82%"
"11/09/2023","1,598.00","1,598.00","1,598.00","1,598.00","","4.44%"
"11/08/2023","1,530.00","1,530.00","1,530.00","1,530.00","","-1.86%"
"11/07/2023","1,559.00","1,559.00","1,559.00","1,559.00","","2.36%"
"11/06/2023","1,523.00","1,523.00","1,523.00","1,523.00","","4.17%"
"11/03/2023","1,462.00","1,462.00","1,462.00","1,462.00","","5.56%"
"11/02/2023","1,385.00","1,385.00","1,385.00","1,385.00","","-1.14%"
"11/01/2023","1,401.00","1,401.00","1,401.00","1,401.00","","-3.98%"
"10/31/2023","1,459.00","1,459.00","1,459.00","1,459.00","","-2.86%"
"10/30/2023","1,502.00","1,502.00","1,502.00","1,502.00","","-3.90%"
"10/27/2023","1,563.00","1,563.00","1,563.00","1,563.00","","-5.96%"
"10/26/2023","1,662.00","1,662.00","1,662.00","1,662.00","","-9.28%"
"10/25/2023","1,832.00","1,832.00","1,832.00","1,832.00","","-6.00%"
"10/24/2023","1,949.00","1,949.00","1,949.00","1,949.00","","-3.37%"
"10/23/2023","2,017.00","2,017.00","2,017.00","2,017.00","","-1.42%"
"10/20/2023","2,046.00","2,046.00","2,046.00","2,046.00","","-1.21%"
"10/19/2023","2,071.00","2,071.00","2,071.00","2,071.00","","-1.62%"
"10/18/2023","2,105.00","2,105.00","2,105.00","2,105.00","","2.28%"
"10/17/2023","2,058.00","2,058.00","2,058.00","2,058.00","","4.36%"
"10/16/2023","1,972.00","1,972.00","1,972.00","1,972.00","","1.39%"
"10/13/2023","1,945.00","1,945.00","1,945.00","1,945.00","","0.52%"
"10/12/2023","1,935.00","1,935.00","1,935.00","1,935.00","","-0.67%"
"10/11/2023","1,948.00","1,948.00","1,948.00","1,948.00","","-1.77%"
"10/10/2023","1,983.00","1,983.00","1,983.00","1,983.00","","-0.40%"
"10/09/2023","1,991.00","1,991.00","1,991.00","1,991.00","","3.21%"
"10/06/2023","1,929.00","1,929.00","1,929.00","1,929.00","","5.58%"
"10/05/2023","1,827.00","1,827.00","1,827.00","1,827.00","","2.76%"
"10/04/2023","1,778.00","1,778.00","1,778.00","1,778.00","","-0.11%"
"10/03/2023","1,780.00","1,780.00","1,780.00","1,780.00","","2.48%"
"10/02/2023","1,737.00","1,737.00","1,737.00","1,737.00","","2.12%"
"09/29/2023","1,701.00","1,701.00","1,701.00","1,701.00","","-0.87%"
"09/28/2023","1,716.00","1,716.00","1,716.00","1,716.00","","-2.05%"
"09/27/2023","1,752.00","1,752.00","1,752.00","1,752.00","","3.42%"
"09/26/2023","1,694.00","1,694.00","1,694.00","1,694.00","","4.96%"
"09/25/2023","1,614.00","1,614.00","1,614.00","1,614.00","","1.32%"
"09/22/2023","1,593.00","1,593.00","1,593.00","1,593.00","","1.53%"
"09/21/2023","1,569.00","1,569.00","1,569.00","1,569.00","","-0.95%"
"09/20/2023","1,584.00","1,584.00","1,584.00","1,584.00","","3.80%"
"09/19/2023","1,526.00","1,526.00","1,526.00","1,526.00","","6.05%"
"09/18/2023","1,439.00","1,439.00","1,439.00","1,439.00","","4.20%"
"09/15/2023","1,381.00","1,381.00","1,381.00","1,381.00","","3.06%"
"09/14/2023","1,340.00","1,340.00","1,340.00","1,340.00","","3.88%"
"09/13/2023","1,290.00","1,290.00","1,290.00","1,290.00","","4.45%"
"09/12/2023","1,235.00","1,235.00","1,235.00","1,235.00","","2.15%"
"09/11/2023","1,209.00","1,209.00","1,209.00","1,209.00","","1.94%"
"09/08/2023","1,186.00","1,186.00","1,186.00","1,186.00","","3.94%"
"09/07/2023","1,141.00","1,141.00","1,141.00","1,141.00","","5.55%"
"09/06/2023","1,081.00","1,081.00","1,081.00","1,081.00","","1.69%"
"09/05/2023","1,063.00","1,063.00","1,063.00","1,063.00","","-1.85%"
"09/04/2023","1,083.00","1,083.00","1,083.00","1,083.00","","1.69%"
"09/01/2023","1,065.00","1,065.00","1,065.00","1,065.00","","-1.93%"
"08/31/2023","1,086.00","1,086.00","1,086.00","1,086.00","","-0.73%"
"08/30/2023","1,094.00","1,094.00","1,094.00","1,094.00","","-1.17%"
"08/29/2023","1,107.00","1,107.00","1,107.00","1,107.00","","2.50%"
"08/25/2023","1,080.00","1,080.00","1,080.00","1,080.00","","-2.70%"
"08/24/2023","1,110.00","1,110.00","1,110.00","1,110.00","","-3.56%"
"08/23/2023","1,151.00","1,151.00","1,151.00","1,151.00","","-3.60%"
"08/22/2023","1,194.00","1,194.00","1,194.00","1,194.00","","-2.37%"
"08/21/2023","1,223.00","1,223.00","1,223.00","1,223.00","","-1.13%"
"08/18/2023","1,237.00","1,237.00","1,237.00","1,237.00","","-0.80%"
"08/17/2023","1,247.00","1,247.00","1,247.00","1,247.00","","1.14%"
"08/16/2023","1,233.00","1,233.00","1,233.00","1,233.00","","5.75%"
"08/15/2023","1,166.00","1,166.00","1,166.00","1,166.00","","2.73%"
"08/14/2023","1,135.00","1,135.00","1,135.00","1,135.00","","0.53%"
"08/11/2023","1,129.00","1,129.00","1,129.00","1,129.00","","-0.70%"
"08/10/2023","1,137.00","1,137.00","1,137.00","1,137.00","","-0.61%"
"08/09/2023","1,144.00","1,144.00","1,144.00","1,144.00","","0.18%"
"08/08/2023","1,142.00","1,142.00","1,142.00","1,142.00","","-0.26%"
"08/07/2023","1,145.00","1,145.00","1,145.00","1,145.00","","0.79%"
"08/04/2023","1,136.00","1,136.00","1,136.00","1,136.00","","0.71%"
"08/03/2023","1,128.00","1,128.00","1,128.00","1,128.00","","0.45%"
"08/02/2023","1,123.00","1,123.00","1,123.00","1,123.00","","-2.35%"
"08/01/2023","1,150.00","1,150.00","1,150.00","1,150.00","","2.04%"
"07/31/2023","1,127.00","1,127.00","1,127.00","1,127.00","","1.53%"
"07/28/2023","1,110.00","1,110.00","1,110.00","1,110.00","","1.19%"
"07/27/2023","1,097.00","1,097.00","1,097.00","1,097.00","","2.81%"
"07/26/2023","1,067.00","1,067.00","1,067.00","1,067.00","","10.91%"
"07/25/2023","962.00","962.00","962.00","962.00","","-0.52%"
"07/24/2023","967.00","967.00","967.00","967.00","","-1.12%"
"07/21/2023","978.00","978.00","978.00","978.00","","0.10%"
"07/20/2023","977.00","977.00","977.00","977.00","","-2.69%"
"07/19/2023","1,004.00","1,004.00","1,004.00","1,004.00","","-3.18%"
"07/18/2023","1,037.00","1,037.00","1,037.00","1,037.00","","-3.36%"
"07/17/2023","1,073.00","1,073.00","1,073.00","1,073.00","","-1.56%"
"07/14/2023","1,090.00","1,090.00","1,090.00","1,090.00","","-1.18%"
"07/13/2023","1,103.00","1,103.00","1,103.00","1,103.00","","1.38%"
"07/12/2023","1,088.00","1,088.00","1,088.00","1,088.00","","5.43%"
"07/11/2023","1,032.00","1,032.00","1,032.00","1,032.00","","0.78%"
"07/10/2023","1,024.00","1,024.00","1,024.00","1,024.00","","1.49%"
"07/07/2023","1,009.00","1,009.00","1,009.00","1,009.00","","1.61%"
"07/06/2023","993.00","993.00","993.00","993.00","","-0.10%"
"07/05/2023","994.00","994.00","994.00","994.00","","-4.79%"
"07/04/2023","1,044.00","1,044.00","1,044.00","1,044.00","","-2.25%"
"07/03/2023","1,068.00","1,068.00","1,068.00","1,068.00","","-2.11%"
"06/30/2023","1,091.00","1,091.00","1,091.00","1,091.00","","-1.89%"
"06/29/2023","1,112.00","1,112.00","1,112.00","1,112.00","","-2.28%"
"06/28/2023","1,138.00","1,138.00","1,138.00","1,138.00","","-3.80%"
"06/27/2023","1,183.00","1,183.00","1,183.00","1,183.00","","-4.06%"
"06/26/2023","1,233.00","1,233.00","1,233.00","1,233.00","","-0.56%"
"06/23/2023","1,240.00","1,240.00","1,240.00","1,240.00","","1.97%"
"06/22/2023","1,216.00","1,216.00","1,216.00","1,216.00","","6.85%"
"06/21/2023","1,138.00","1,138.00","1,138.00","1,138.00","","5.57%"
"06/20/2023","1,078.00","1,078.00","1,078.00","1,078.00","","1.22%"
"06/19/2023","1,065.00","1,065.00","1,065.00","1,065.00","","-1.02%"
"06/16/2023","1,076.00","1,076.00","1,076.00","1,076.00","","-1.65%"
"06/15/2023","1,094.00","1,094.00","1,094.00","1,094.00","","1.39%"
"06/14/2023","1,079.00","1,079.00","1,079.00","1,079.00","","0.47%"
"06/13/2023","1,074.00","1,074.00","1,074.00","1,074.00","","1.70%"
"06/12/2023","1,056.00","1,056.00","1,056.00","1,056.00","","0.09%"
"06/09/2023","1,055.00","1,055.00","1,055.00","1,055.00","","1.44%"
"06/08/2023","1,040.00","1,040.00","1,040.00","1,040.00","","1.96%"
"06/07/2023","1,020.00","1,020.00","1,020.00","1,020.00","","0.39%"
"06/06/2023","1,016.00","1,016.00","1,016.00","1,016.00","","8.20%"
"06/05/2023","939.00","939.00","939.00","939.00","","2.18%"
"06/02/2023","919.00","919.00","919.00","919.00","","-1.92%"
"06/01/2023","937.00","937.00","937.00","937.00","","-4.09%"
"05/31/2023","977.00","977.00","977.00","977.00","","-13.00%"
"05/30/2023","1,123.00","1,123.00","1,123.00","1,123.00","","-4.18%"
"05/26/2023","1,172.00","1,172.00","1,172.00","1,172.00","","-3.54%"
"05/25/2023","1,215.00","1,215.00","1,215.00","1,215.00","","-6.18%"
"05/24/2023","1,295.00","1,295.00","1,295.00","1,295.00","","-3.93%"
"05/23/2023","1,348.00","1,348.00","1,348.00","1,348.00","","-1.25%"
"05/22/2023","1,365.00","1,365.00","1,365.00","1,365.00","","-1.37%"
"05/19/2023","1,384.00","1,384.00","1,384.00","1,384.00","","-1.28%"
"05/18/2023","1,402.00","1,402.00","1,402.00","1,402.00","","-1.61%"
"05/17/2023","1,425.00","1,425.00","1,425.00","1,425.00","","-3.46%"
"05/16/2023","1,476.00","1,476.00","1,476.00","1,476.00","","-3.02%"
"05/15/2023","1,522.00","1,522.00","1,522.00","1,522.00","","-2.31%"
"05/12/2023","1,558.00","1,558.00","1,558.00","1,558.00","","-3.11%"
"05/11/2023","1,608.00","1,608.00","1,608.00","1,608.00","","-1.95%"
"05/10/2023","1,640.00","1,640.00","1,640.00","1,640.00","","2.63%"
"05/09/2023","1,598.00","1,598.00","1,598.00","1,598.00","","2.57%"
"05/05/2023","1,558.00","1,558.00","1,558.00","1,558.00","","0.84%"
"05/04/2023","1,545.00","1,545.00","1,545.00","1,545.00","","-0.83%"
"05/03/2023","1,558.00","1,558.00","1,558.00","1,558.00","","0.39%"
"05/02/2023","1,552.00","1,552.00","1,552.00","1,552.00","","-1.52%"
"04/28/2023","1,576.00","1,576.00","1,576.00","1,576.00","","-0.32%"
"04/27/2023","1,581.00","1,581.00","1,581.00","1,581.00","","2.93%"
"04/26/2023","1,536.00","1,536.00","1,536.00","1,536.00","","1.72%"
"04/25/2023","1,510.00","1,510.00","1,510.00","1,510.00","","-0.46%"
"04/24/2023","1,517.00","1,517.00","1,517.00","1,517.00","","0.86%"
"04/21/2023","1,504.00","1,504.00","1,504.00","1,504.00","","5.03%"
"04/20/2023","1,432.00","1,432.00","1,432.00","1,432.00","","4.37%"
"04/19/2023","1,372.00","1,372.00","1,372.00","1,372.00","","0.29%"
"04/18/2023","1,368.00","1,368.00","1,368.00","1,368.00","","-3.12%"
"04/17/2023","1,412.00","1,412.00","1,412.00","1,412.00","","-1.60%"
"04/14/2023","1,435.00","1,435.00","1,435.00","1,435.00","","-1.91%"
"04/13/2023","1,463.00","1,463.00","1,463.00","1,463.00","","0.00%"
"04/12/2023","1,463.00","1,463.00","1,463.00","1,463.00","","-2.92%"
"04/11/2023","1,507.00","1,507.00","1,507.00","1,507.00","","-3.40%"
"04/06/2023","1,560.00","1,560.00","1,560.00","1,560.00","","2.30%"
"04/05/2023","1,525.00","1,525.00","1,525.00","1,525.00","","3.53%"
"04/04/2023","1,473.00","1,473.00","1,473.00","1,473.00","","4.32%"
"04/03/2023","1,412.00","1,412.00","1,412.00","1,412.00","","1.66%"
"03/31/2023","1,389.00","1,389.00","1,389.00","1,389.00","","-1.00%"
"03/30/2023","1,403.00","1,403.00","1,403.00","1,403.00","","-0.28%"
"03/29/2023","1,407.00","1,407.00","1,407.00","1,407.00","","0.36%"
"03/28/2023","1,402.00","1,402.00","1,402.00","1,402.00","","-3.71%"
"03/27/2023","1,456.00","1,456.00","1,456.00","1,456.00","","-2.22%"
"03/24/2023","1,489.00","1,489.00","1,489.00","1,489.00","","0.34%"
"03/23/2023","1,484.00","1,484.00","1,484.00","1,484.00","","1.92%"
"03/22/2023","1,456.00","1,456.00","1,456.00","1,456.00","","-3.70%"
"03/21/2023","1,512.00","1,512.00","1,512.00","1,512.00","","-1.95%"
"03/20/2023","1,542.00","1,542.00","1,542.00","1,542.00","","0.46%"
"03/17/2023","1,535.00","1,535.00","1,535.00","1,535.00","","-1.60%"
"03/16/2023","1,560.00","1,560.00","1,560.00","1,560.00","","-2.68%"
"03/15/2023","1,603.00","1,603.00","1,603.00","1,603.00","","1.01%"
"03/14/2023","1,587.00","1,587.00","1,587.00","1,587.00","","8.33%"
"03/13/2023","1,465.00","1,465.00","1,465.00","1,465.00","","2.88%"
"03/10/2023","1,424.00","1,424.00","1,424.00","1,424.00","","3.26%"
"03/09/2023","1,379.00","1,379.00","1,379.00","1,379.00","","3.92%"
"03/08/2023","1,327.00","1,327.00","1,327.00","1,327.00","","2.23%"
"03/07/2023","1,298.00","1,298.00","1,298.00","1,298.00","","3.18%"
"03/06/2023","1,258.00","1,258.00","1,258.00","1,258.00","","3.88%"
"03/03/2023","1,211.00","1,211.00","1,211.00","1,211.00","","5.76%"
"03/02/2023","1,145.00","1,145.00","1,145.00","1,145.00","","4.19%"
"03/01/2023","1,099.00","1,099.00","1,099.00","1,099.00","","11.01%"
"02/28/2023","990.00","990.00","990.00","990.00","","5.88%"
"02/27/2023","935.00","935.00","935.00","935.00","","5.89%"
"02/24/2023","883.00","883.00","883.00","883.00","","8.21%"
"02/23/2023","816.00","816.00","816.00","816.00","","21.07%"
"02/22/2023","674.00","674.00","674.00","674.00","","13.47%"
"02/21/2023","594.00","594.00","594.00","594.00","","7.61%"
"02/20/2023","552.00","552.00","552.00","552.00","","2.60%"
"02/17/2023","538.00","538.00","538.00","538.00","","1.51%"
"02/16/2023","530.00","530.00","530.00","530.00","","-2.03%"
"02/15/2023","541.00","541.00","541.00","541.00","","-3.91%"
"02/14/2023","563.00","563.00","563.00","563.00","","-8.60%"
"02/13/2023","616.00","616.00","616.00","616.00","","2.33%"
"02/10/2023","602.00","602.00","602.00","602.00","","1.69%"
"02/09/2023","592.00","592.00","592.00","592.00","","-1.82%"
"02/08/2023","603.00","603.00","603.00","603.00","","0.33%"
"02/07/2023","601.00","601.00","601.00","601.00","","-1.15%"
"02/06/2023","608.00","608.00","608.00","608.00","","-2.09%"
"02/03/2023","621.00","621.00","621.00","621.00","","-2.97%"
"02/02/2023","640.00","640.00","640.00","640.00","","-4.19%"
"02/01/2023","668.00","668.00","668.00","668.00","","-1.91%"
"01/31/2023","681.00","681.00","681.00","681.00","","0.15%"
"01/30/2023","680.00","680.00","680.00","680.00","","0.59%"
"01/27/2023","676.00","676.00","676.00","676.00","","-0.15%"
"01/26/2023","677.00","677.00","677.00","677.00","","-3.70%"
"01/25/2023","703.00","703.00","703.00","703.00","","-2.50%"
"01/24/2023","721.00","721.00","721.00","721.00","","-2.57%"
"01/23/2023","740.00","740.00","740.00","740.00","","-3.01%"
"01/20/2023","763.00","763.00","763.00","763.00","","-4.74%"
"01/19/2023","801.00","801.00","801.00","801.00","","-8.35%"
"01/18/2023","874.00","874.00","874.00","874.00","","-5.10%"
"01/17/2023","921.00","921.00","921.00","921.00","","-2.64%"
"01/16/2023","946.00","946.00","946.00","946.00","","0.00%"
"01/13/2023","946.00","946.00","946.00","946.00","","-3.07%"
"01/12/2023","976.00","976.00","976.00","976.00","","-6.42%"
"01/11/2023","1,043.00","1,043.00","1,043.00","1,043.00","","-4.84%"
"01/10/2023","1,096.00","1,096.00","1,096.00","1,096.00","","-3.78%"
"01/09/2023","1,139.00","1,139.00","1,139.00","1,139.00","","0.80%"
"01/06/2023","1,130.00","1,130.00","1,130.00","1,130.00","","-1.40%"
"01/05/2023","1,146.00","1,146.00","1,146.00","1,146.00","","-2.55%"
"01/04/2023","1,176.00","1,176.00","1,176.00","1,176.00","","-5.92%"
"01/03/2023","1,250.00","1,250.00","1,250.00","1,250.00","","-17.49%"
"12/23/2022","1,515.00","1,515.00","1,515.00","1,515.00","","-8.18%"
"12/22/2022","1,650.00","1,650.00","1,650.00","1,650.00","","-4.24%"
"12/21/2022","1,723.00","1,723.00","1,723.00","1,723.00","","7.96%"
"12/20/2022","1,596.00","1,596.00","1,596.00","1,596.00","","3.10%"
"12/19/2022","1,548.00","1,548.00","1,548.00","1,548.00","","-0.77%"
"12/16/2022","1,560.00","1,560.00","1,560.00","1,560.00","","2.09%"
"12/15/2022","1,528.00","1,528.00","1,528.00","1,528.00","","9.06%"
"12/14/2022","1,401.00","1,401.00","1,401.00","1,401.00","","3.24%"
"12/13/2022","1,357.00","1,357.00","1,357.00","1,357.00","","-0.29%"
"12/12/2022","1,361.00","1,361.00","1,361.00","1,361.00","","-1.80%"
"12/09/2022","1,386.00","0.00","0.00","0.00","","0.07%"
"12/08/2022","1,385.00","1,385.00","1,385.00","1,385.00","","0.87%"
"12/07/2022","1,373.00","1,373.00","1,373.00","1,373.00","","2.46%"
"12/06/2022","1,340.00","1,340.00","1,340.00","1,340.00","","1.28%"
"12/05/2022","1,323.00","1,323.00","1,323.00","1,323.00","","-0.08%"
"12/02/2022","1,324.00","1,324.00","1,324.00","1,324.00","","-1.05%"
"12/01/2022","1,338.00","1,338.00","1,338.00","1,338.00","","-1.25%"
"11/30/2022","1,355.00","1,355.00","1,355.00","1,355.00","","2.11%"
"11/29/2022","1,327.00","1,327.00","1,327.00","1,327.00","","-1.48%"
"11/28/2022","1,347.00","1,347.00","1,347.00","1,347.00","","1.74%"
"11/25/2022","1,324.00","1,324.00","1,324.00","1,324.00","","6.60%"
"11/24/2022","1,242.00","1,242.00","1,242.00","1,242.00","","4.90%"
"11/23/2022","1,184.00","1,184.00","1,184.00","1,184.00","","3.05%"
"11/22/2022","1,149.00","1,149.00","1,149.00","1,149.00","","-2.38%"
"11/21/2022","1,177.00","1,177.00","1,177.00","1,177.00","","-1.01%"
"11/18/2022","1,189.00","1,189.00","1,189.00","1,189.00","","-3.18%"
"11/17/2022","1,228.00","1,228.00","1,228.00","1,228.00","","-4.66%"
"11/16/2022","1,288.00","1,288.00","1,288.00","1,288.00","","-0.92%"
"11/15/2022","1,300.00","1,300.00","1,300.00","1,300.00","","-1.89%"
"11/14/2022","1,325.00","1,325.00","1,325.00","1,325.00","","-2.21%"
"11/11/2022","1,355.00","1,355.00","1,355.00","1,355.00","","-2.52%"
"11/10/2022","1,390.00","1,390.00","1,390.00","1,390.00","","-0.22%"
"11/09/2022","1,393.00","1,393.00","1,393.00","1,393.00","","2.73%"
"11/08/2022","1,356.00","1,356.00","1,356.00","1,356.00","","1.42%"
"11/07/2022","1,337.00","1,337.00","1,337.00","1,337.00","","1.06%"
"11/04/2022","1,323.00","1,323.00","1,323.00","1,323.00","","2.56%"
"11/03/2022","1,290.00","1,290.00","1,290.00","1,290.00","","-2.35%"
"11/02/2022","1,321.00","1,321.00","1,321.00","1,321.00","","-4.07%"
"11/01/2022","1,377.00","1,377.00","1,377.00","1,377.00","","-5.88%"
"10/31/2022","1,463.00","1,463.00","1,463.00","1,463.00","","-4.63%"
"10/28/2022","1,534.00","1,534.00","1,534.00","1,534.00","","-4.84%"
"10/27/2022","1,612.00","1,612.00","1,612.00","1,612.00","","-5.51%"
"10/26/2022","1,706.00","1,706.00","1,706.00","1,706.00","","-2.79%"
"10/25/2022","1,755.00","1,755.00","1,755.00","1,755.00","","-2.34%"
"10/24/2022","1,797.00","1,797.00","1,797.00","1,797.00","","-1.21%"
"10/21/2022","1,819.00","1,819.00","1,819.00","1,819.00","","-0.98%"
"10/20/2022","1,837.00","1,837.00","1,837.00","1,837.00","","-1.82%"
"10/19/2022","1,871.00","1,871.00","1,871.00","1,871.00","","-0.21%"
"10/18/2022","1,875.00","1,875.00","1,875.00","1,875.00","","1.74%"
"10/17/2022","1,843.00","1,843.00","1,843.00","1,843.00","","0.27%"
"10/14/2022","1,838.00","1,838.00","1,838.00","1,838.00","","1.10%"
"10/13/2022","1,818.00","1,818.00","1,818.00","1,818.00","","-2.94%"
"10/12/2022","1,873.00","1,873.00","1,873.00","1,873.00","","-1.63%"
"10/11/2022","1,904.00","1,904.00","1,904.00","1,904.00","","-2.06%"
"10/10/2022","1,944.00","1,944.00","1,944.00","1,944.00","","-0.87%"
"10/07/2022","1,961.00","1,961.00","1,961.00","1,961.00","","-1.56%"
"10/06/2022","1,992.00","1,992.00","1,992.00","1,992.00","","-0.20%"
"10/05/2022","1,996.00","1,996.00","1,996.00","1,996.00","","7.02%"
"10/04/2022","1,865.00","1,865.00","1,865.00","1,865.00","","4.31%"
"10/03/2022","1,788.00","1,788.00","1,788.00","1,788.00","","1.59%"
"09/30/2022","1,760.00","1,760.00","1,760.00","1,760.00","","0.17%"
"09/29/2022","1,757.00","1,757.00","1,757.00","1,757.00","","-2.33%"
"09/28/2022","1,799.00","1,799.00","1,799.00","1,799.00","","-0.44%"
"09/27/2022","1,807.00","1,807.00","1,807.00","1,807.00","","-0.33%"
"09/26/2022","1,813.00","1,813.00","1,813.00","1,813.00","","-0.17%"
"09/23/2022","1,816.00","1,816.00","1,816.00","1,816.00","","5.58%"
"09/22/2022","1,720.00","1,720.00","1,720.00","1,720.00","","-1.49%"
"09/21/2022","1,746.00","1,746.00","1,746.00","1,746.00","","0.98%"
"09/20/2022","1,729.00","1,729.00","1,729.00","1,729.00","","11.33%"
"09/16/2022","1,553.00","1,553.00","1,553.00","1,553.00","","-3.66%"
"09/15/2022","1,612.00","1,612.00","1,612.00","1,612.00","","1.07%"
"09/14/2022","1,595.00","1,595.00","1,595.00","1,595.00","","13.28%"
"09/13/2022","1,408.00","1,408.00","1,408.00","1,408.00","","12.10%"
"09/12/2022","1,256.00","1,256.00","1,256.00","1,256.00","","3.54%"
"09/09/2022","1,213.00","1,213.00","1,213.00","1,213.00","","2.97%"
"09/08/2022","1,178.00","1,178.00","1,178.00","1,178.00","","3.97%"
"09/07/2022","1,133.00","1,133.00","1,133.00","1,133.00","","1.71%"
"09/06/2022","1,114.00","1,114.00","1,114.00","1,114.00","","-1.68%"
"09/05/2022","1,133.00","1,133.00","1,133.00","1,133.00","","4.33%"
"09/02/2022","1,086.00","1,086.00","1,086.00","1,086.00","","8.38%"
"09/01/2022","1,002.00","1,002.00","1,002.00","1,002.00","","3.83%"
"08/31/2022","965.00","965.00","965.00","965.00","","-5.11%"
"08/30/2022","1,017.00","1,017.00","1,017.00","1,017.00","","-6.01%"
"08/26/2022","1,082.00","1,082.00","1,082.00","1,082.00","","-3.65%"
"08/25/2022","1,123.00","1,123.00","1,123.00","1,123.00","","-7.42%"
"08/24/2022","1,213.00","1,213.00","1,213.00","1,213.00","","-4.56%"
"08/23/2022","1,271.00","1,271.00","1,271.00","1,271.00","","0.08%"
"08/22/2022","1,270.00","1,270.00","1,270.00","1,270.00","","-0.70%"
"08/19/2022","1,279.00","1,279.00","1,279.00","1,279.00","","-3.11%"
"08/18/2022","1,320.00","1,320.00","1,320.00","1,320.00","","-5.31%"
"08/17/2022","1,394.00","1,394.00","1,394.00","1,394.00","","0.50%"
"08/16/2022","1,387.00","1,387.00","1,387.00","1,387.00","","-1.21%"
"08/15/2022","1,404.00","1,404.00","1,404.00","1,404.00","","-4.94%"
"08/12/2022","1,477.00","1,477.00","1,477.00","1,477.00","","-5.08%"
"08/11/2022","1,556.00","1,556.00","1,556.00","1,556.00","","-2.26%"
"08/10/2022","1,592.00","1,592.00","1,592.00","1,592.00","","1.79%"
"08/09/2022","1,564.00","1,564.00","1,564.00","1,564.00","","-0.13%"
"08/08/2022","1,566.00","1,566.00","1,566.00","1,566.00","","0.38%"
"08/05/2022","1,560.00","1,560.00","1,560.00","1,560.00","","-2.68%"
"08/04/2022","1,603.00","1,603.00","1,603.00","1,603.00","","-7.39%"
"08/03/2022","1,731.00","1,731.00","1,731.00","1,731.00","","-4.73%"
"08/02/2022","1,817.00","1,817.00","1,817.00","1,817.00","","-2.94%"
"08/01/2022","1,872.00","1,872.00","1,872.00","1,872.00","","-1.21%"
"07/29/2022","1,895.00","1,895.00","1,895.00","1,895.00","","-2.57%"
"07/28/2022","1,945.00","1,945.00","1,945.00","1,945.00","","-3.09%"
"07/27/2022","2,007.00","2,007.00","2,007.00","2,007.00","","-2.62%"
"07/26/2022","2,061.00","2,061.00","2,061.00","2,061.00","","-2.51%"
"07/25/2022","2,114.00","2,114.00","2,114.00","2,114.00","","-1.49%"
"07/22/2022","2,146.00","2,146.00","2,146.00","2,146.00","","1.32%"
"07/21/2022","2,118.00","2,118.00","2,118.00","2,118.00","","0.24%"
"07/20/2022","2,113.00","2,113.00","2,113.00","2,113.00","","-1.49%"
"07/19/2022","2,145.00","2,145.00","2,145.00","2,145.00","","-0.79%"
"07/18/2022","2,162.00","2,162.00","2,162.00","2,162.00","","0.56%"
"07/15/2022","2,150.00","2,150.00","2,150.00","2,150.00","","6.97%"
"07/14/2022","2,010.00","2,010.00","2,010.00","2,010.00","","0.40%"
"07/13/2022","2,002.00","2,002.00","2,002.00","2,002.00","","-0.55%"
"07/12/2022","2,013.00","2,013.00","2,013.00","2,013.00","","-3.27%"
"07/11/2022","2,081.00","2,081.00","2,081.00","2,081.00","","0.68%"
"07/08/2022","2,067.00","2,067.00","2,067.00","2,067.00","","-0.29%"
"07/07/2022","2,073.00","2,073.00","2,073.00","2,073.00","","1.47%"
"07/06/2022","2,043.00","2,043.00","2,043.00","2,043.00","","-2.62%"
"07/05/2022","2,098.00","2,098.00","2,098.00","2,098.00","","-2.83%"
"07/04/2022","2,159.00","2,159.00","2,159.00","2,159.00","","-2.48%"
"07/01/2022","2,214.00","2,214.00","2,214.00","2,214.00","","-1.16%"
"06/30/2022","2,240.00","2,240.00","2,240.00","2,240.00","","2.47%"
"06/29/2022","2,186.00","2,186.00","2,186.00","2,186.00","","-0.82%"
"06/28/2022","2,204.00","2,204.00","2,204.00","2,204.00","","-3.97%"
"06/27/2022","2,295.00","2,295.00","2,295.00","2,295.00","","-1.54%"
"06/24/2022","2,331.00","2,331.00","2,331.00","2,331.00","","-0.98%"
"06/23/2022","2,354.00","2,354.00","2,354.00","2,354.00","","0.21%"
"06/22/2022","2,349.00","2,349.00","2,349.00","2,349.00","","-5.43%"
"06/21/2022","2,484.00","2,484.00","2,484.00","2,484.00","","-4.31%"
"06/20/2022","2,596.00","2,596.00","2,596.00","2,596.00","","0.70%"
"06/17/2022","2,578.00","2,578.00","2,578.00","2,578.00","","4.71%"
"06/16/2022","2,462.00","2,462.00","2,462.00","2,462.00","","3.14%"
"06/15/2022","2,387.00","2,387.00","2,387.00","2,387.00","","4.51%"
"06/14/2022","2,284.00","2,284.00","2,284.00","2,284.00","","1.06%"
"06/13/2022","2,260.00","2,260.00","2,260.00","2,260.00","","-2.59%"
"06/10/2022","2,320.00","2,320.00","2,320.00","2,320.00","","-0.94%"
"06/09/2022","2,342.00","2,342.00","2,342.00","2,342.00","","-2.82%"
"06/08/2022","2,410.00","2,410.00","2,410.00","2,410.00","","-4.14%"
"06/07/2022","2,514.00","2,514.00","2,514.00","2,514.00","","-1.80%"
"06/06/2022","2,560.00","2,560.00","2,560.00","2,560.00","","-2.77%"
"06/01/2022","2,633.00","2,633.00","2,633.00","2,633.00","","2.61%"
"05/31/2022","2,566.00","2,566.00","2,566.00","2,566.00","","-0.19%"
"05/30/2022","2,571.00","2,571.00","2,571.00","2,571.00","","-4.10%"
"05/27/2022","2,681.00","2,681.00","2,681.00","2,681.00","","-8.59%"
"05/26/2022","2,933.00","2,933.00","2,933.00","2,933.00","","-6.20%"
"05/25/2022","3,127.00","3,127.00","3,127.00","3,127.00","","-3.87%"
"05/24/2022","3,253.00","3,253.00","3,253.00","3,253.00","","-3.44%"
"05/23/2022","3,369.00","3,369.00","3,369.00","3,369.00","","0.75%"
"05/20/2022","3,344.00","3,344.00","3,344.00","3,344.00","","1.67%"
"05/19/2022","3,289.00","3,289.00","3,289.00","3,289.00","","3.14%"
"05/18/2022","3,189.00","3,189.00","3,189.00","3,189.00","","3.04%"
"05/17/2022","3,095.00","3,095.00","3,095.00","3,095.00","","0.32%"
"05/16/2022","3,085.00","3,085.00","3,085.00","3,085.00","","-0.61%"
"05/13/2022","3,104.00","3,104.00","3,104.00","3,104.00","","-0.42%"
"05/12/2022","3,117.00","3,117.00","3,117.00","3,117.00","","2.13%"
"05/11/2022","3,052.00","3,052.00","3,052.00","3,052.00","","3.84%"
"05/10/2022","2,939.00","2,939.00","2,939.00","2,939.00","","3.81%"
"05/09/2022","2,831.00","2,831.00","2,831.00","2,831.00","","4.16%"
"05/06/2022","2,718.00","2,718.00","2,718.00","2,718.00","","2.80%"
"05/05/2022","2,644.00","2,644.00","2,644.00","2,644.00","","6.40%"
"05/04/2022","2,485.00","2,485.00","2,485.00","2,485.00","","3.03%"
"05/03/2022","2,412.00","2,412.00","2,412.00","2,412.00","","0.33%"
"04/29/2022","2,404.00","2,404.00","2,404.00","2,404.00","","0.04%"
"04/28/2022","2,403.00","2,403.00","2,403.00","2,403.00","","-0.91%"
"04/27/2022","2,425.00","2,425.00","2,425.00","2,425.00","","0.87%"
"04/26/2022","2,404.00","2,404.00","2,404.00","2,404.00","","2.04%"
"04/25/2022","2,356.00","2,356.00","2,356.00","2,356.00","","2.12%"
"04/22/2022","2,307.00","2,307.00","2,307.00","2,307.00","","3.04%"
"04/21/2022","2,239.00","2,239.00","2,239.00","2,239.00","","4.53%"
"04/20/2022","2,142.00","2,142.00","2,142.00","2,142.00","","1.28%"
"04/19/2022","2,115.00","2,115.00","2,115.00","2,115.00","","-1.03%"
"04/14/2022","2,137.00","2,137.00","2,137.00","2,137.00","","3.34%"
"04/13/2022","2,068.00","2,068.00","2,068.00","2,068.00","","1.62%"
"04/12/2022","2,035.00","2,035.00","2,035.00","2,035.00","","0.20%"
"04/11/2022","2,031.00","2,031.00","2,031.00","2,031.00","","-1.17%"
"04/08/2022","2,055.00","2,055.00","2,055.00","2,055.00","","-0.29%"
"04/07/2022","2,061.00","2,061.00","2,061.00","2,061.00","","-3.15%"
"04/06/2022","2,128.00","2,128.00","2,128.00","2,128.00","","-3.84%"
"04/05/2022","2,213.00","2,213.00","2,213.00","2,213.00","","-4.07%"
"04/04/2022","2,307.00","2,307.00","2,307.00","2,307.00","","-2.12%"
"04/01/2022","2,357.00","2,357.00","2,357.00","2,357.00","","-0.04%"
"03/31/2022","2,358.00","2,358.00","2,358.00","2,358.00","","-0.46%"
"03/30/2022","2,369.00","2,369.00","2,369.00","2,369.00","","-1.99%"
"03/29/2022","2,417.00","2,417.00","2,417.00","2,417.00","","-2.70%"
"03/28/2022","2,484.00","2,484.00","2,484.00","2,484.00","","-2.36%"
"03/25/2022","2,544.00","2,544.00","2,544.00","2,544.00","","-0.90%"
"03/24/2022","2,567.00","2,567.00","2,567.00","2,567.00","","-0.31%"
"03/23/2022","2,575.00","2,575.00","2,575.00","2,575.00","","1.14%"
"03/22/2022","2,546.00","2,546.00","2,546.00","2,546.00","","-1.66%"
"03/21/2022","2,589.00","2,589.00","2,589.00","2,589.00","","-0.61%"
"03/18/2022","2,605.00","2,605.00","2,605.00","2,605.00","","0.66%"
"03/17/2022","2,588.00","2,588.00","2,588.00","2,588.00","","-0.12%"
"03/16/2022","2,591.00","2,591.00","2,591.00","2,591.00","","-3.64%"
"03/15/2022","2,689.00","2,689.00","2,689.00","2,689.00","","-1.39%"
"03/14/2022","2,727.00","2,727.00","2,727.00","2,727.00","","0.33%"
"03/11/2022","2,718.00","2,718.00","2,718.00","2,718.00","","0.52%"
"03/10/2022","2,704.00","2,704.00","2,704.00","2,704.00","","5.71%"
"03/09/2022","2,558.00","2,558.00","2,558.00","2,558.00","","8.76%"
"03/08/2022","2,352.00","2,352.00","2,352.00","2,352.00","","5.23%"
"03/07/2022","2,235.00","2,235.00","2,235.00","2,235.00","","4.05%"
"03/04/2022","2,148.00","2,148.00","2,148.00","2,148.00","","2.09%"
"03/03/2022","2,104.00","2,104.00","2,104.00","2,104.00","","-1.54%"
"03/02/2022","2,137.00","2,137.00","2,137.00","2,137.00","","3.29%"
"03/01/2022","2,069.00","2,069.00","2,069.00","2,069.00","","1.42%"
"02/28/2022","2,040.00","2,040.00","2,040.00","2,040.00","","-1.73%"
"02/25/2022","2,076.00","2,076.00","2,076.00","2,076.00","","-5.08%"
"02/24/2022","2,187.00","2,187.00","2,187.00","2,187.00","","-2.54%"
"02/23/2022","2,244.00","2,244.00","2,244.00","2,244.00","","4.47%"
"02/22/2022","2,148.00","2,148.00","2,148.00","2,148.00","","5.04%"
"02/21/2022","2,045.00","2,045.00","2,045.00","2,045.00","","4.12%"
"02/18/2022","1,964.00","1,964.00","1,964.00","1,964.00","","4.14%"
"02/17/2022","1,886.00","1,886.00","1,886.00","1,886.00","","-0.53%"
"02/16/2022","1,896.00","1,896.00","1,896.00","1,896.00","","-3.66%"
"02/15/2022","1,968.00","1,968.00","1,968.00","1,968.00","","-0.81%"
"02/14/2022","1,984.00","1,984.00","1,984.00","1,984.00","","0.35%"
"02/11/2022","1,977.00","1,977.00","1,977.00","1,977.00","","1.91%"
"02/10/2022","1,940.00","1,940.00","1,940.00","1,940.00","","13.38%"
"02/09/2022","1,711.00","1,711.00","1,711.00","1,711.00","","13.84%"
"02/08/2022","1,503.00","1,503.00","1,503.00","1,503.00","","5.70%"
"02/07/2022","1,422.00","1,422.00","1,422.00","1,422.00","","-0.07%"
"02/04/2022","1,423.00","1,423.00","1,423.00","1,423.00","","-0.14%"
"02/03/2022","1,425.00","1,425.00","1,425.00","1,425.00","","0.42%"
"02/02/2022","1,419.00","1,419.00","1,419.00","1,419.00","","-1.46%"
"02/01/2022","1,440.00","1,440.00","1,440.00","1,440.00","","1.55%"
"01/31/2022","1,418.00","1,418.00","1,418.00","1,418.00","","2.68%"
"01/28/2022","1,381.00","1,381.00","1,381.00","1,381.00","","6.07%"
"01/27/2022","1,302.00","1,302.00","1,302.00","1,302.00","","0.46%"
"01/26/2022","1,296.00","1,296.00","1,296.00","1,296.00","","-3.50%"
"01/25/2022","1,343.00","1,343.00","1,343.00","1,343.00","","-3.45%"
"01/24/2022","1,391.00","1,391.00","1,391.00","1,391.00","","-1.70%"
"01/21/2022","1,415.00","1,415.00","1,415.00","1,415.00","","-4.00%"
"01/20/2022","1,474.00","1,474.00","1,474.00","1,474.00","","-6.11%"
"01/19/2022","1,570.00","1,570.00","1,570.00","1,570.00","","-4.50%"
"01/18/2022","1,644.00","1,644.00","1,644.00","1,644.00","","-5.03%"
"01/17/2022","1,731.00","1,731.00","1,731.00","1,731.00","","-1.87%"
"01/14/2022","1,764.00","1,764.00","1,764.00","1,764.00","","-5.82%"
"01/13/2022","1,873.00","1,873.00","1,873.00","1,873.00","","-7.60%"
"01/12/2022","2,027.00","2,027.00","2,027.00","2,027.00","","-5.76%"
"01/11/2022","2,151.00","2,151.00","2,151.00","2,151.00","","-5.53%"
"01/10/2022","2,277.00","2,277.00","2,277.00","2,277.00","","-0.52%"
"01/07/2022","2,289.00","2,289.00","2,289.00","2,289.00","","-0.30%"
"01/06/2022","2,296.00","2,296.00","2,296.00","2,296.00","","0.31%"
"01/05/2022","2,289.00","2,289.00","2,289.00","2,289.00","","0.18%"
"01/04/2022","2,285.00","2,285.00","2,285.00","2,285.00","","3.07%"
"12/24/2021","2,217.00","2,217.00","2,217.00","2,217.00","","-0.09%"
"12/23/2021","2,219.00","2,219.00","2,219.00","2,219.00","","-0.45%"
"12/22/2021","2,229.00","2,229.00","2,229.00","2,229.00","","-2.83%"
"12/21/2021","2,294.00","2,294.00","2,294.00","2,294.00","","-3.25%"
"12/20/2021","2,371.00","2,371.00","2,371.00","2,371.00","","-0.34%"
"12/17/2021","2,379.00","2,379.00","2,379.00","2,379.00","","-4.76%"
"12/16/2021","2,498.00","2,498.00","2,498.00","2,498.00","","-6.27%"
"12/15/2021","2,665.00","2,665.00","2,665.00","2,665.00","","-9.11%"
"12/14/2021","2,932.00","2,932.00","2,932.00","2,932.00","","-8.83%"
"12/13/2021","3,216.00","3,216.00","3,216.00","3,216.00","","-1.71%"
"12/10/2021","3,272.00","3,272.00","3,272.00","3,272.00","","-2.12%"
"12/09/2021","3,343.00","3,343.00","3,343.00","3,343.00","","-2.34%"
"12/08/2021","3,423.00","3,423.00","3,423.00","3,423.00","","2.12%"
"12/07/2021","3,352.00","3,352.00","3,352.00","3,352.00","","3.62%"
"12/06/2021","3,235.00","3,235.00","3,235.00","3,235.00","","2.02%"
"12/03/2021","3,171.00","3,171.00","3,171.00","3,171.00","","1.80%"
"12/02/2021","3,115.00","3,115.00","3,115.00","3,115.00","","2.23%"
"12/01/2021","3,047.00","3,047.00","3,047.00","3,047.00","","0.96%"
"11/30/2021","3,018.00","3,018.00","3,018.00","3,018.00","","4.76%"
"11/29/2021","2,881.00","2,881.00","2,881.00","2,881.00","","4.12%"
"11/26/2021","2,767.00","2,767.00","2,767.00","2,767.00","","3.32%"
"11/25/2021","2,678.00","2,678.00","2,678.00","2,678.00","","0.90%"
"11/24/2021","2,654.00","2,654.00","2,654.00","2,654.00","","-2.25%"
"11/23/2021","2,715.00","2,715.00","2,715.00","2,715.00","","2.65%"
"11/22/2021","2,645.00","2,645.00","2,645.00","2,645.00","","3.64%"
"11/19/2021","2,552.00","2,552.00","2,552.00","2,552.00","","3.99%"
"11/18/2021","2,454.00","2,454.00","2,454.00","2,454.00","","0.99%"
"11/17/2021","2,430.00","2,430.00","2,430.00","2,430.00","","-6.21%"
"11/16/2021","2,591.00","2,591.00","2,591.00","2,591.00","","-6.09%"
"11/15/2021","2,759.00","2,759.00","2,759.00","2,759.00","","-1.71%"
"11/12/2021","2,807.00","2,807.00","2,807.00","2,807.00","","-1.30%"
"11/11/2021","2,844.00","2,844.00","2,844.00","2,844.00","","-0.59%"
"11/10/2021","2,861.00","2,861.00","2,861.00","2,861.00","","2.00%"
"11/09/2021","2,805.00","2,805.00","2,805.00","2,805.00","","3.20%"
"11/08/2021","2,718.00","2,718.00","2,718.00","2,718.00","","0.11%"
"11/05/2021","2,715.00","2,715.00","2,715.00","2,715.00","","-1.95%"
"11/04/2021","2,769.00","2,769.00","2,769.00","2,769.00","","-4.25%"
"11/03/2021","2,892.00","2,892.00","2,892.00","2,892.00","","-9.26%"
"11/02/2021","3,187.00","3,187.00","3,187.00","3,187.00","","-7.03%"
"11/01/2021","3,428.00","3,428.00","3,428.00","3,428.00","","-2.59%"
"10/29/2021","3,519.00","3,519.00","3,519.00","3,519.00","","-3.06%"
"10/28/2021","3,630.00","3,630.00","3,630.00","3,630.00","","-4.67%"
"10/27/2021","3,808.00","3,808.00","3,808.00","3,808.00","","-6.11%"
"10/26/2021","4,056.00","4,056.00","4,056.00","4,056.00","","-4.72%"
"10/25/2021","4,257.00","4,257.00","4,257.00","4,257.00","","-3.47%"
"10/22/2021","4,410.00","4,410.00","4,410.00","4,410.00","","-5.22%"
"10/21/2021","4,653.00","4,653.00","4,653.00","4,653.00","","-2.06%"
"10/20/2021","4,751.00","4,751.00","4,751.00","4,751.00","","0.78%"
"10/19/2021","4,714.00","4,714.00","4,714.00","4,714.00","","-0.38%"
"10/18/2021","4,732.00","4,732.00","4,732.00","4,732.00","","-2.51%"
"10/15/2021","4,854.00","4,854.00","4,854.00","4,854.00","","-4.11%"
"10/14/2021","5,062.00","5,062.00","5,062.00","5,062.00","","-2.77%"
"10/13/2021","5,206.00","5,206.00","5,206.00","5,206.00","","-3.20%"
"10/12/2021","5,378.00","5,378.00","5,378.00","5,378.00","","-2.00%"
"10/11/2021","5,488.00","5,488.00","5,488.00","5,488.00","","-0.69%"
"10/08/2021","5,526.00","5,526.00","5,526.00","5,526.00","","-2.19%"
"10/07/2021","5,650.00","5,650.00","5,650.00","5,650.00","","0.05%"
"10/06/2021","5,647.00","5,647.00","5,647.00","5,647.00","","4.40%"
"10/05/2021","5,409.00","5,409.00","5,409.00","5,409.00","","2.70%"
"10/04/2021","5,267.00","5,267.00","5,267.00","5,267.00","","1.25%"
"10/01/2021","5,202.00","5,202.00","5,202.00","5,202.00","","0.68%"
"09/30/2021","5,167.00","5,167.00","5,167.00","5,167.00","","-0.58%"
"09/29/2021","5,197.00","5,197.00","5,197.00","5,197.00","","4.74%"
"09/28/2021","4,962.00","4,962.00","4,962.00","4,962.00","","5.19%"
"09/27/2021","4,717.00","4,717.00","4,717.00","4,717.00","","1.57%"
"09/24/2021","4,644.00","4,644.00","4,644.00","4,644.00","","-0.15%"
"09/23/2021","4,651.00","4,651.00","4,651.00","4,651.00","","2.00%"
"09/22/2021","4,560.00","4,560.00","4,560.00","4,560.00","","3.40%"
"09/21/2021","4,410.00","4,410.00","4,410.00","4,410.00","","2.46%"
"09/20/2021","4,304.00","4,304.00","4,304.00","4,304.00","","0.68%"
"09/17/2021","4,275.00","4,275.00","4,275.00","4,275.00","","1.42%"
"09/16/2021","4,215.00","4,215.00","4,215.00","4,215.00","","-0.43%"
"09/15/2021","4,233.00","4,233.00","4,233.00","4,233.00","","0.28%"
"09/14/2021","4,221.00","4,221.00","4,221.00","4,221.00","","1.39%"
"09/13/2021","4,163.00","4,163.00","4,163.00","4,163.00","","7.74%"
"09/10/2021","3,864.00","3,864.00","3,864.00","3,864.00","","6.07%"
"09/09/2021","3,643.00","3,643.00","3,643.00","3,643.00","","0.69%"
"09/08/2021","3,618.00","3,618.00","3,618.00","3,618.00","","-2.40%"
"09/07/2021","3,707.00","3,707.00","3,707.00","3,707.00","","-3.01%"
"09/06/2021","3,822.00","3,822.00","3,822.00","3,822.00","","-3.09%"
"09/03/2021","3,944.00","3,944.00","3,944.00","3,944.00","","-1.42%"
"09/02/2021","4,001.00","4,001.00","4,001.00","4,001.00","","-0.30%"
"09/01/2021","4,013.00","4,013.00","4,013.00","4,013.00","","-2.88%"
"08/31/2021","4,132.00","4,132.00","4,132.00","4,132.00","","-2.43%"
"08/27/2021","4,235.00","4,235.00","4,235.00","4,235.00","","0.95%"
"08/26/2021","4,195.00","4,195.00","4,195.00","4,195.00","","0.05%"
"08/25/2021","4,193.00","4,193.00","4,193.00","4,193.00","","-0.19%"
"08/24/2021","4,201.00","4,201.00","4,201.00","4,201.00","","1.30%"
"08/23/2021","4,147.00","4,147.00","4,147.00","4,147.00","","1.34%"
"08/20/2021","4,092.00","4,092.00","4,092.00","4,092.00","","2.92%"
"08/19/2021","3,976.00","3,976.00","3,976.00","3,976.00","","3.73%"
"08/18/2021","3,833.00","3,833.00","3,833.00","3,833.00","","4.81%"
"08/17/2021","3,657.00","3,657.00","3,657.00","3,657.00","","1.41%"
"08/16/2021","3,606.00","3,606.00","3,606.00","3,606.00","","1.12%"
"08/13/2021","3,566.00","3,566.00","3,566.00","3,566.00","","1.80%"
"08/12/2021","3,503.00","3,503.00","3,503.00","3,503.00","","2.73%"
"08/11/2021","3,410.00","3,410.00","3,410.00","3,410.00","","1.04%"
"08/10/2021","3,375.00","3,375.00","3,375.00","3,375.00","","0.12%"
"08/09/2021","3,371.00","3,371.00","3,371.00","3,371.00","","0.00%"
"08/06/2021","3,371.00","3,371.00","3,371.00","3,371.00","","-0.15%"
"08/05/2021","3,376.00","3,376.00","3,376.00","3,376.00","","1.75%"
"08/04/2021","3,318.00","3,318.00","3,318.00","3,318.00","","1.13%"
"08/03/2021","3,281.00","3,281.00","3,281.00","3,281.00","","-0.03%"
"08/02/2021","3,282.00","3,282.00","3,282.00","3,282.00","","-0.30%"
"07/30/2021","3,292.00","3,292.00","3,292.00","3,292.00","","2.43%"
"07/29/2021","3,214.00","3,214.00","3,214.00","3,214.00","","1.90%"
"07/28/2021","3,154.00","3,154.00","3,154.00","3,154.00","","-0.38%"
"07/27/2021","3,166.00","3,166.00","3,166.00","3,166.00","","-1.37%"
"07/26/2021","3,210.00","3,210.00","3,210.00","3,210.00","","0.34%"
"07/23/2021","3,199.00","3,199.00","3,199.00","3,199.00","","3.09%"
"07/22/2021","3,103.00","3,103.00","3,103.00","3,103.00","","1.47%"
"07/21/2021","3,058.00","3,058.00","3,058.00","3,058.00","","0.16%"
"07/20/2021","3,053.00","3,053.00","3,053.00","3,053.00","","-0.20%"
"07/19/2021","3,059.00","3,059.00","3,059.00","3,059.00","","0.66%"
"07/16/2021","3,039.00","3,039.00","3,039.00","3,039.00","","-1.11%"
"07/15/2021","3,073.00","3,073.00","3,073.00","3,073.00","","-2.10%"
"07/14/2021","3,139.00","3,139.00","3,139.00","3,139.00","","-2.76%"
"07/13/2021","3,228.00","3,228.00","3,228.00","3,228.00","","-2.18%"
"07/12/2021","3,300.00","3,300.00","3,300.00","3,300.00","","0.00%"
"07/09/2021","3,300.00","3,300.00","3,300.00","3,300.00","","0.58%"
"07/08/2021","3,281.00","3,281.00","3,281.00","3,281.00","","1.23%"
"07/07/2021","3,241.00","3,241.00","3,241.00","3,241.00","","1.95%"
"07/06/2021","3,179.00","3,179.00","3,179.00","3,179.00","","-1.40%"
"07/05/2021","3,224.00","3,224.00","3,224.00","3,224.00","","-1.86%"
"07/02/2021","3,285.00","3,285.00","3,285.00","3,285.00","","-1.59%"
"07/01/2021","3,338.00","3,338.00","3,338.00","3,338.00","","-1.33%"
"06/30/2021","3,383.00","3,383.00","3,383.00","3,383.00","","-1.02%"
"06/29/2021","3,418.00","3,418.00","3,418.00","3,418.00","","2.83%"
"06/28/2021","3,324.00","3,324.00","3,324.00","3,324.00","","2.12%"
"06/25/2021","3,255.00","3,255.00","3,255.00","3,255.00","","2.52%"
"06/24/2021","3,175.00","3,175.00","3,175.00","3,175.00","","0.89%"
"06/23/2021","3,147.00","3,147.00","3,147.00","3,147.00","","0.90%"
"06/22/2021","3,119.00","3,119.00","3,119.00","3,119.00","","-2.23%"
"06/21/2021","3,190.00","3,190.00","3,190.00","3,190.00","","-0.87%"
"06/18/2021","3,218.00","3,218.00","3,218.00","3,218.00","","-1.50%"
"06/17/2021","3,267.00","3,267.00","3,267.00","3,267.00","","2.87%"
"06/16/2021","3,176.00","3,176.00","3,176.00","3,176.00","","4.99%"
"06/15/2021","3,025.00","3,025.00","3,025.00","3,025.00","","2.75%"
"06/14/2021","2,944.00","2,944.00","2,944.00","2,944.00","","3.05%"
"06/11/2021","2,857.00","2,857.00","2,857.00","2,857.00","","7.04%"
"06/10/2021","2,669.00","2,669.00","2,669.00","2,669.00","","7.58%"
"06/09/2021","2,481.00","2,481.00","2,481.00","2,481.00","","2.52%"
"06/08/2021","2,420.00","2,420.00","2,420.00","2,420.00","","-0.33%"
"06/07/2021","2,428.00","2,428.00","2,428.00","2,428.00","","-0.41%"
"06/04/2021","2,438.00","2,438.00","2,438.00","2,438.00","","-1.38%"
"06/03/2021","2,472.00","2,472.00","2,472.00","2,472.00","","-2.29%"
"06/02/2021","2,530.00","2,530.00","2,530.00","2,530.00","","-1.48%"
"06/01/2021","2,568.00","2,568.00","2,568.00","2,568.00","","-1.08%"
"05/28/2021","2,596.00","2,596.00","2,596.00","2,596.00","","-3.42%"
"05/27/2021","2,688.00","2,688.00","2,688.00","2,688.00","","-2.40%"
"05/26/2021","2,754.00","2,754.00","2,754.00","2,754.00","","-1.96%"
"05/25/2021","2,809.00","2,809.00","2,809.00","2,809.00","","-2.50%"
"05/24/2021","2,881.00","2,881.00","2,881.00","2,881.00","","0.42%"
"05/21/2021","2,869.00","2,869.00","2,869.00","2,869.00","","1.59%"
"05/20/2021","2,824.00","2,824.00","2,824.00","2,824.00","","0.82%"
"05/19/2021","2,801.00","2,801.00","2,801.00","2,801.00","","0.21%"
"05/18/2021","2,795.00","2,795.00","2,795.00","2,795.00","","-2.14%"
"05/17/2021","2,856.00","2,856.00","2,856.00","2,856.00","","-2.82%"
"05/14/2021","2,939.00","2,939.00","2,939.00","2,939.00","","-4.48%"
"05/13/2021","3,077.00","3,077.00","3,077.00","3,077.00","","-1.98%"
"05/12/2021","3,139.00","3,139.00","3,139.00","3,139.00","","-3.53%"
"05/11/2021","3,254.00","3,254.00","3,254.00","3,254.00","","0.43%"
"05/10/2021","3,240.00","3,240.00","3,240.00","3,240.00","","1.79%"
"05/07/2021","3,183.00","3,183.00","3,183.00","3,183.00","","-0.90%"
"05/06/2021","3,212.00","3,212.00","3,212.00","3,212.00","","-1.65%"
"05/05/2021","3,266.00","3,266.00","3,266.00","3,266.00","","3.45%"
"05/04/2021","3,157.00","3,157.00","3,157.00","3,157.00","","3.41%"
"04/30/2021","3,053.00","3,053.00","3,053.00","3,053.00","","1.53%"
"04/29/2021","3,007.00","3,007.00","3,007.00","3,007.00","","1.69%"
"04/28/2021","2,957.00","2,957.00","2,957.00","2,957.00","","2.35%"
"04/27/2021","2,889.00","2,889.00","2,889.00","2,889.00","","2.88%"
"04/26/2021","2,808.00","2,808.00","2,808.00","2,808.00","","0.72%"
"04/23/2021","2,788.00","2,788.00","2,788.00","2,788.00","","1.38%"
"04/22/2021","2,750.00","2,750.00","2,750.00","2,750.00","","1.48%"
"04/21/2021","2,710.00","2,710.00","2,710.00","2,710.00","","9.63%"
"04/20/2021","2,472.00","2,472.00","2,472.00","2,472.00","","1.64%"
"04/19/2021","2,432.00","2,432.00","2,432.00","2,432.00","","1.97%"
"04/16/2021","2,385.00","2,385.00","2,385.00","2,385.00","","2.67%"
"04/15/2021","2,323.00","2,323.00","2,323.00","2,323.00","","6.66%"
"04/14/2021","2,178.00","2,178.00","2,178.00","2,178.00","","1.78%"
"04/13/2021","2,140.00","2,140.00","2,140.00","2,140.00","","-0.23%"
"04/12/2021","2,145.00","2,145.00","2,145.00","2,145.00","","2.88%"
"04/09/2021","2,085.00","2,085.00","2,085.00","2,085.00","","-0.14%"
"04/08/2021","2,088.00","2,088.00","2,088.00","2,088.00","","-1.83%"
"04/07/2021","2,127.00","2,127.00","2,127.00","2,127.00","","1.67%"
"04/06/2021","2,092.00","2,092.00","2,092.00","2,092.00","","0.97%"
"04/01/2021","2,072.00","2,072.00","2,072.00","2,072.00","","1.27%"
"03/31/2021","2,046.00","2,046.00","2,046.00","2,046.00","","-2.71%"
"03/30/2021","2,103.00","2,103.00","2,103.00","2,103.00","","-2.73%"
"03/29/2021","2,162.00","2,162.00","2,162.00","2,162.00","","-0.73%"
"03/26/2021","2,178.00","2,178.00","2,178.00","2,178.00","","0.28%"
"03/25/2021","2,172.00","2,172.00","2,172.00","2,172.00","","-1.00%"
"03/24/2021","2,194.00","2,194.00","2,194.00","2,194.00","","-3.39%"
"03/23/2021","2,271.00","2,271.00","2,271.00","2,271.00","","-2.07%"
"03/22/2021","2,319.00","2,319.00","2,319.00","2,319.00","","1.67%"
"03/19/2021","2,281.00","2,281.00","2,281.00","2,281.00","","2.98%"
"03/18/2021","2,215.00","2,215.00","2,215.00","2,215.00","","5.23%"
"03/17/2021","2,105.00","2,105.00","2,105.00","2,105.00","","4.36%"
"03/16/2021","2,017.00","2,017.00","2,017.00","2,017.00","","1.71%"
"03/15/2021","1,983.00","1,983.00","1,983.00","1,983.00","","1.17%"
"03/12/2021","1,960.00","1,960.00","1,960.00","1,960.00","","-0.51%"
"03/11/2021","1,970.00","1,970.00","1,970.00","1,970.00","","-0.51%"
"03/10/2021","1,980.00","1,980.00","1,980.00","1,980.00","","4.16%"
"03/09/2021","1,901.00","1,901.00","1,901.00","1,901.00","","2.59%"
"03/08/2021","1,853.00","1,853.00","1,853.00","1,853.00","","1.31%"
"03/05/2021","1,829.00","1,829.00","1,829.00","1,829.00","","2.81%"
"03/04/2021","1,779.00","1,779.00","1,779.00","1,779.00","","0.91%"
"03/03/2021","1,763.00","1,763.00","1,763.00","1,763.00","","5.38%"
"03/02/2021","1,673.00","1,673.00","1,673.00","1,673.00","","1.33%"
"03/01/2021","1,651.00","1,651.00","1,651.00","1,651.00","","-1.43%"
"02/26/2021","1,675.00","1,675.00","1,675.00","1,675.00","","-1.47%"
"02/25/2021","1,700.00","1,700.00","1,700.00","1,700.00","","-0.53%"
"02/24/2021","1,709.00","1,709.00","1,709.00","1,709.00","","-1.04%"
"02/23/2021","1,727.00","1,727.00","1,727.00","1,727.00","","1.05%"
"02/22/2021","1,709.00","1,709.00","1,709.00","1,709.00","","0.65%"
"02/19/2021","1,698.00","1,698.00","1,698.00","1,698.00","","-4.07%"
"02/18/2021","1,770.00","1,770.00","1,770.00","1,770.00","","0.80%"
"02/17/2021","1,756.00","1,756.00","1,756.00","1,756.00","","17.46%"
"02/16/2021","1,495.00","1,495.00","1,495.00","1,495.00","","9.60%"
"02/15/2021","1,364.00","1,364.00","1,364.00","1,364.00","","1.87%"
"02/12/2021","1,339.00","1,339.00","1,339.00","1,339.00","","1.98%"
"02/11/2021","1,313.00","1,313.00","1,313.00","1,313.00","","0.77%"
"02/10/2021","1,303.00","1,303.00","1,303.00","1,303.00","","-0.23%"
"02/09/2021","1,306.00","1,306.00","1,306.00","1,306.00","","-0.84%"
"02/08/2021","1,317.00","1,317.00","1,317.00","1,317.00","","-1.20%"
"02/05/2021","1,333.00","1,333.00","1,333.00","1,333.00","","0.45%"
"02/04/2021","1,327.00","1,327.00","1,327.00","1,327.00","","0.00%"
"02/03/2021","1,327.00","1,327.00","1,327.00","1,327.00","","-3.84%"
"02/02/2021","1,380.00","1,380.00","1,380.00","1,380.00","","-4.43%"
"02/01/2021","1,444.00","1,444.00","1,444.00","1,444.00","","-0.55%"